coded_customer,street_address,city,state,zip,geocode_address,latitude,longitude
AG NEW ENGLAND WELLFLEET 123090,295 MAIN ST,WELLFLEET,MA,26677,"295 MAIN ST, WELLFLEET, MA 26677",41.9379366,-70.0312341
ALBERTSONS/SAFEWAY ABERDEEN 181546,221 W HERON ST,ABERDEEN,WA,98520,"221 W HERON ST, ABERDEEN, WA 98520",46.9720726,-123.8183988
ALBERTSONS/SAFEWAY ALAMEDA 170951,867 ISLAND DR,ALAMEDA,CA,94502,"867 ISLAND DR, ALAMEDA, CA 94502",37.7378827,-122.2395676
ALBERTSONS/SAFEWAY ALAMEDA 172708,2227 S SHORE CTR,ALAMEDA,CA,94501,"2227 S SHORE CTR, ALAMEDA, CA 94501",37.7574333,-122.2507884
ALBERTSONS/SAFEWAY ALAMEDA 173281,2600 5TH ST,ALAMEDA,CA,94501,"2600 5TH ST, ALAMEDA, CA 94501",37.7855313,-122.2805755
ALBERTSONS/SAFEWAY ALAMO 170962,200 ALAMO PLZ,ALAMO,CA,94507,"200 ALAMO PLZ, ALAMO, CA 94507",37.8507931,-122.0351068
ALBERTSONS/SAFEWAY ALAMOGORDO 553681,1300 10TH ST,ALAMOGORDO,NM,88310,"1300 10TH ST, ALAMOGORDO, NM 88310",32.8992244,-105.9450202
ALBERTSONS/SAFEWAY ALBANY 170676,1500 SOLANO AVE,ALBANY,CA,94707,"1500 SOLANO AVE, ALBANY, CA 94707",37.8903282,-122.2869142
ALBERTSONS/SAFEWAY AMERICAN CANYON 171883,103 W AMERICAN CANYON RD,AMERICAN CANYON,CA,94503,"103 W AMERICAN CANYON RD, AMERICAN CANYON, CA 94503",38.1646515,-122.255109
ALBERTSONS/SAFEWAY ANACORTES 180593,911 11TH ST,ANACORTES,WA,98221,"911 11TH ST, ANACORTES, WA 98221",48.5122603,-122.6117173
ALBERTSONS/SAFEWAY ANCHORAGE 250720,2920 SEWARD HWY,ANCHORAGE,AK,99503,"2920 SEWARD HWY, ANCHORAGE, AK 99503",61.1941818,-149.8683291
ALBERTSONS/SAFEWAY ANCHORAGE 251805,1650 W NORTHERN LIGHTS BLVD,ANCHORAGE,AK,99517,"1650 W NORTHERN LIGHTS BLVD, ANCHORAGE, AK 99517",61.1952136,-149.9155024
ALBERTSONS/SAFEWAY ANCHORAGE 251812,4000 W DIMOND BLVD,ANCHORAGE,AK,99502,"4000 W DIMOND BLVD, ANCHORAGE, AK 99502",61.1361985,-149.95359
ALBERTSONS/SAFEWAY ANCHORAGE 251813,1501 HUFFMAN RD,ANCHORAGE,AK,99515,"1501 HUFFMAN RD, ANCHORAGE, AK 99515",61.1093972,-149.8537425
ALBERTSONS/SAFEWAY ANCHORAGE 251817,7731 E NORTHERN LIGHTS BLVD,ANCHORAGE,AK,99504,"7731 E NORTHERN LIGHTS BLVD, ANCHORAGE, AK 99504",61.196645,-149.7361358
ALBERTSONS/SAFEWAY ANCHORAGE 252628,1725 ABBOTT RD,ANCHORAGE,AK,99507,"1725 ABBOTT RD, ANCHORAGE, AK 99507",61.1422782,-149.8438075
ALBERTSONS/SAFEWAY ANDERSON 170273,2601 BALLS FERRY RD,ANDERSON,CA,96007,"2601 BALLS FERRY RD, ANDERSON, CA 96007",40.4534967,-122.289152
ALBERTSONS/SAFEWAY ANTIOCH 171259,3365 DEER VALLEY RD,ANTIOCH,CA,94531,"3365 DEER VALLEY RD, ANTIOCH, CA 94531",37.9884299,-121.7839443
ALBERTSONS/SAFEWAY APTOS 170640,16 RANCHO DEL MAR,APTOS,CA,95003,"16 RANCHO DEL MAR, APTOS, CA 95003",,
ALBERTSONS/SAFEWAY ARCATA 170793,600 F ST,ARCATA,CA,95521,"600 F ST, ARCATA, CA 95521",40.8657327,-124.0853124
ALBERTSONS/SAFEWAY ARLINGTON 180534,3532 172ND ST NE,ARLINGTON,WA,98223,"3532 172ND ST NE, ARLINGTON, WA 98223",48.1514112,-122.1811813
ALBERTSONS/SAFEWAY ARLINGTON 181522,20500 OLYMPIC PL NE,ARLINGTON,WA,98223,"20500 OLYMPIC PL NE, ARLINGTON, WA 98223",,
ALBERTSONS/SAFEWAY AUBURN 173122,2550 BELL RD,AUBURN,CA,95603,"2550 BELL RD, AUBURN, CA 95603",,
ALBERTSONS/SAFEWAY AUBURN 174483,4010 A ST SE,AUBURN,WA,98002,"4010 A ST SE, AUBURN, WA 98002",47.2725758,-122.2272979
ALBERTSONS/SAFEWAY AUBURN 180531,101 AUBURN WAY S,AUBURN,WA,98002,"101 AUBURN WAY S, AUBURN, WA 98002",47.3062886,-122.2275157
ALBERTSONS/SAFEWAY BAINBRIDGE ISLAND 181252,253 HIGH SCHOOL RD NE,BAINBRIDGE ISLAND,WA,98110,"253 HIGH SCHOOL RD NE, BAINBRIDGE ISLAND, WA 98110",47.6350661,-122.5196869
ALBERTSONS/SAFEWAY BAY POINT 171215,660 BAILEY RD,BAY POINT,CA,94565,"660 BAILEY RD, BAY POINT, CA 94565",38.0212843,-121.9418142
ALBERTSONS/SAFEWAY BELFAIR 181571,23961 NE STATE ROUTE 3,BELFAIR,WA,98528,"23961 NE STATE ROUTE 3, BELFAIR, WA 98528",47.4539558,-122.8227016
ALBERTSONS/SAFEWAY BELLEVUE 180490,1645 140TH AVE NE,BELLEVUE,WA,98005,"1645 140TH AVE NE, BELLEVUE, WA 98005",47.6257713,-122.1550311
ALBERTSONS/SAFEWAY BELLEVUE 181600,300 BELLEVUE WAY NE,BELLEVUE,WA,98004,"300 BELLEVUE WAY NE, BELLEVUE, WA 98004",47.6131232,-122.2013922
ALBERTSONS/SAFEWAY BELLINGHAM 183285,1275 E SUNSET DR,BELLINGHAM,WA,98226,"1275 E SUNSET DR, BELLINGHAM, WA 98226",48.7745687,-122.4585344
ALBERTSONS/SAFEWAY BELMONT 170668,2100 RALSTON AVE,BELMONT,CA,94002,"2100 RALSTON AVE, BELMONT, CA 94002",37.5123232,-122.2956682
ALBERTSONS/SAFEWAY BELMONT 171138,1100 EL CAMINO REAL,BELMONT,CA,94002,"1100 EL CAMINO REAL, BELMONT, CA 94002",37.5215148,-122.2773611
ALBERTSONS/SAFEWAY BENICIA 170774,50 SOLANO SQ,BENICIA,CA,94510,"50 SOLANO SQ, BENICIA, CA 94510",38.054655,-122.1557827
ALBERTSONS/SAFEWAY BERKELEY 170691,1444 SHATTUCK AVE,BERKELEY,CA,94709,"1444 SHATTUCK AVE, BERKELEY, CA 94709",37.8807758,-122.2699648
ALBERTSONS/SAFEWAY BONNEY LAKE 180544,21301 HWY 410,BONNEY LAKE,WA,98391,"21301 HWY 410, BONNEY LAKE, WA 98391",,
ALBERTSONS/SAFEWAY BOTHELL 171413,3322 132ND ST SE,BOTHELL,WA,98012,"3322 132ND ST SE, BOTHELL, WA 98012",,
ALBERTSONS/SAFEWAY BOTHELL 180535,20711 BOTHELL EVERETT HWY,BOTHELL,WA,98012,"20711 BOTHELL EVERETT HWY, BOTHELL, WA 98012",47.7978405,-122.2123088
ALBERTSONS/SAFEWAY BOTHELL 181864,24040 BOTHELL EVERETT HWY,BOTHELL,WA,98021,"24040 BOTHELL EVERETT HWY, BOTHELL, WA 98021",47.7787962,-122.2207592
ALBERTSONS/SAFEWAY BREMERTON 181467,900 N CALLOW AVE,BREMERTON,WA,98312,"900 N CALLOW AVE, BREMERTON, WA 98312",47.5696658,-122.6527368
ALBERTSONS/SAFEWAY BREMERTON 181524,1401 NE MCWILLIAMS RD,BREMERTON,WA,98311,"1401 NE MCWILLIAMS RD, BREMERTON, WA 98311",47.6205825,-122.6308563
ALBERTSONS/SAFEWAY BRENTWOOD 171234,1125 2ND ST,BRENTWOOD,CA,94513,"1125 2ND ST, BRENTWOOD, CA 94513",37.9358665,-121.6991427
ALBERTSONS/SAFEWAY BRENTWOOD 172621,3110 BALFOUR RD,BRENTWOOD,CA,94513,"3110 BALFOUR RD, BRENTWOOD, CA 94513",37.9239866,-121.7219046
ALBERTSONS/SAFEWAY BURIEN 181664,138 SW 148TH ST,BURIEN,WA,98166,"138 SW 148TH ST, BURIEN, WA 98166",47.4714257,-122.3366749
ALBERTSONS/SAFEWAY BURIEN 183120,12725 1ST AVE S,BURIEN,WA,98168,"12725 1ST AVE S, BURIEN, WA 98168",47.489127,-122.335791
ALBERTSONS/SAFEWAY BURLINGAME 171547,1450 HOWARD AVE,BURLINGAME,CA,94010,"1450 HOWARD AVE, BURLINGAME, CA 94010",37.5763671,-122.3483368
ALBERTSONS/SAFEWAY CAMERON PARK 171618,3380 COACH LN,CAMERON PARK,CA,95682,"3380 COACH LN, CAMERON PARK, CA 95682",38.6565429,-120.9716909
ALBERTSONS/SAFEWAY CAMPBELL 171293,2341 WINCHESTER BLVD,CAMPBELL,CA,95008,"2341 WINCHESTER BLVD, CAMPBELL, CA 95008",37.2800214,-121.9510952
ALBERTSONS/SAFEWAY CAMPBELL 173241,950 W HAMILTON AVE,CAMPBELL,CA,95008,"950 W HAMILTON AVE, CAMPBELL, CA 95008",37.2936907,-121.965703
ALBERTSONS/SAFEWAY CARLSBAD 550665,202 W CHURCH ST,CARLSBAD,NM,88220,"202 W CHURCH ST, CARLSBAD, NM 88220",32.4292214,-104.2269598
ALBERTSONS/SAFEWAY CARMEL 170706,104 MID VALLEY CTR,CARMEL,CA,93923,"104 MID VALLEY CTR, CARMEL, CA 93923",,
ALBERTSONS/SAFEWAY CARMEL 172669,5 THE CROSSROADS BLVD,CARMEL,CA,93923,"5 THE CROSSROADS BLVD, CARMEL, CA 93923",36.5364438,-121.9111868
ALBERTSONS/SAFEWAY CARMICHAEL 171560,4040 MANZANITA AVE,CARMICHAEL,CA,95608,"4040 MANZANITA AVE, CARMICHAEL, CA 95608",38.6383844,-121.326318
ALBERTSONS/SAFEWAY CASTRO VALLEY 170768,20629 REDWOOD RD,CASTRO VALLEY,CA,94546,"20629 REDWOOD RD, CASTRO VALLEY, CA 94546",37.6962236,-122.0750151
ALBERTSONS/SAFEWAY CASTRO VALLEY 173010,4015 E CASTRO VALLEY BLVD,CASTRO VALLEY,CA,94552,"4015 E CASTRO VALLEY BLVD, CASTRO VALLEY, CA 94552",37.6947469,-122.0503706
ALBERTSONS/SAFEWAY CENTRALIA 181495,1129 HARRISON AVE,CENTRALIA,WA,98531,"1129 HARRISON AVE, CENTRALIA, WA 98531",46.7276865,-122.981044
ALBERTSONS/SAFEWAY CHICO 170256,1016 W SACRAMENTO AVE,CHICO,CA,95926,"1016 W SACRAMENTO AVE, CHICO, CA 95926",39.7319786,-121.8594078
ALBERTSONS/SAFEWAY CHICO 171125,1366 EAST AVE,CHICO,CA,95926,"1366 EAST AVE, CHICO, CA 95926",39.7624801,-121.822642
ALBERTSONS/SAFEWAY CHICO 171651,720 MANGROVE AVE,CHICO,CA,95926,"720 MANGROVE AVE, CHICO, CA 95926",39.7365612,-121.8336433
ALBERTSONS/SAFEWAY CITRUS HEIGHTS 171531,7301 GREENBACK LN,CITRUS HEIGHTS,CA,95621,"7301 GREENBACK LN, CITRUS HEIGHTS, CA 95621",38.6799345,-121.294236
ALBERTSONS/SAFEWAY CLARKSTON 170241,400 BRIDGE ST,CLARKSTON,WA,99403,"400 BRIDGE ST, CLARKSTON, WA 99403",46.4213479,-117.0430853
ALBERTSONS/SAFEWAY CLAYTON 171195,5431 CLAYTON RD,CLAYTON,CA,94517,"5431 CLAYTON RD, CLAYTON, CA 94517",37.9537945,-121.9534546
ALBERTSONS/SAFEWAY CLE ELUM 181135,804 W 1ST ST,CLE ELUM,WA,98922,"804 W 1ST ST, CLE ELUM, WA 98922",47.1957207,-120.9536454
ALBERTSONS/SAFEWAY CLEARLAKE 170984,14922 OLYMPIC DR,CLEARLAKE,CA,95422,"14922 OLYMPIC DR, CLEARLAKE, CA 95422",38.9628506,-122.6319785
ALBERTSONS/SAFEWAY CLOVIS 171756,1650 HERNDON AVE,CLOVIS,CA,93611,"1650 HERNDON AVE, CLOVIS, CA 93611",36.8373952,-119.6853726
ALBERTSONS/SAFEWAY CLOVIS 172701,3100 FOWLER AVE,CLOVIS,CA,93611,"3100 FOWLER AVE, CLOVIS, CA 93611",36.7954592,-119.6841625
ALBERTSONS/SAFEWAY CLOVIS 551686,1905 N PRINCE ST,CLOVIS,NM,88101,"1905 N PRINCE ST, CLOVIS, NM 88101",34.4175325,-103.1964001
ALBERTSONS/SAFEWAY COEUR D ALENE 181470,121 W NEIDER AVE,COEUR D ALENE,ID,83815,"121 W NEIDER AVE, COEUR D ALENE, ID 83815",47.7087837,-116.7877898
ALBERTSONS/SAFEWAY COEUR D'ALENE 170243,220 W IRONWOOD DR,COEUR D'ALENE,ID,83814,"220 W IRONWOOD DR, COEUR D'ALENE, ID 83814",47.6938054,-116.789994
ALBERTSONS/SAFEWAY COLVILLE 180385,391 N MAIN ST,COLVILLE,WA,99114,"391 N MAIN ST, COLVILLE, WA 99114",48.5472869,-117.9065344
ALBERTSONS/SAFEWAY CONCORD 170955,2600 WILLOW PASS RD,CONCORD,CA,94519,"2600 WILLOW PASS RD, CONCORD, CA 94519",37.978708,-122.028625
ALBERTSONS/SAFEWAY CONCORD 171192,4309 CLAYTON RD,CONCORD,CA,94521,"4309 CLAYTON RD, CONCORD, CA 94521",37.9661609,-121.9907237
ALBERTSONS/SAFEWAY CORNING 172295,600 EDITH AVE,CORNING,CA,96021,"600 EDITH AVE, CORNING, CA 96021",39.9296507,-122.1981603
ALBERTSONS/SAFEWAY CORTE MADERA 172318,137 CORTE MADERA TOWN CTR,CORTE MADERA,CA,94925,"137 CORTE MADERA TOWN CTR, CORTE MADERA, CA 94925",37.9279905,-122.5177187
ALBERTSONS/SAFEWAY COVINGTON 180792,17023 SE 272ND ST,COVINGTON,WA,98042,"17023 SE 272ND ST, COVINGTON, WA 98042",47.3564068,-122.115029
ALBERTSONS/SAFEWAY CRESCENT CITY 170954,475 M ST,CRESCENT CITY,CA,95531,"475 M ST, CRESCENT CITY, CA 95531",41.756253,-124.1930787
ALBERTSONS/SAFEWAY CUPERTINO 173251,20620 HOMESTEAD RD,CUPERTINO,CA,95014,"20620 HOMESTEAD RD, CUPERTINO, CA 95014",37.336179,-122.0347351
ALBERTSONS/SAFEWAY DALY CITY 173031,601 WESTLAKE CTR,DALY CITY,CA,94015,"601 WESTLAKE CTR, DALY CITY, CA 94015",37.6995929,-122.4816576
ALBERTSONS/SAFEWAY DANVILLE 171211,3496 CAMINO TASSAJARA,DANVILLE,CA,94506,"3496 CAMINO TASSAJARA, DANVILLE, CA 94506",37.7980683,-121.9177916
ALBERTSONS/SAFEWAY DAVIS 171205,1451 W COVELL BLVD,DAVIS,CA,95616,"1451 W COVELL BLVD, DAVIS, CA 95616",38.5620828,-121.7664724
ALBERTSONS/SAFEWAY DAVIS 171561,2121 COWELL BLVD,DAVIS,CA,95618,"2121 COWELL BLVD, DAVIS, CA 95618",38.540173,-121.724481
ALBERTSONS/SAFEWAY DEL REY OAKS 172841,815 CANYON DEL REY BLVD,DEL REY OAKS,CA,93940,"815 CANYON DEL REY BLVD, DEL REY OAKS, CA 93940",36.5976142,-121.8503196
ALBERTSONS/SAFEWAY DES MOINES 181186,27035 PACIFIC HWY S,DES MOINES,WA,98198,"27035 PACIFIC HWY S, DES MOINES, WA 98198",47.3594385,-122.310585
ALBERTSONS/SAFEWAY DES MOINES 183540,21401 INTERNATIONAL BLVD,DES MOINES,WA,98198,"21401 INTERNATIONAL BLVD, DES MOINES, WA 98198",47.4099768,-122.2994415
ALBERTSONS/SAFEWAY DISCOVERY BAY 171917,14840 HIGHWAY 4,DISCOVERY BAY,CA,94505,"14840 HIGHWAY 4, DISCOVERY BAY, CA 94505",37.8929552,-121.641391
ALBERTSONS/SAFEWAY DIXON 171258,1235 STRATFORD AVE,DIXON,CA,95620,"1235 STRATFORD AVE, DIXON, CA 95620",38.4570077,-121.8389754
ALBERTSONS/SAFEWAY DUBLIN 171932,4440 TASSAJARA RD,DUBLIN,CA,94568,"4440 TASSAJARA RD, DUBLIN, CA 94568",37.7066732,-121.8740663
ALBERTSONS/SAFEWAY DUBLIN 171953,7499 DUBLIN BLVD,DUBLIN,CA,94568,"7499 DUBLIN BLVD, DUBLIN, CA 94568",37.7055,-121.926441
ALBERTSONS/SAFEWAY DUVALL 181572,14020 MAIN ST NE,DUVALL,WA,98019,"14020 MAIN ST NE, DUVALL, WA 98019",47.7263039,-121.984962
ALBERTSONS/SAFEWAY EAGLE RIVER 251807,11409 BUSINESS PARK BLVD,EAGLE RIVER,AK,99577,"11409 BUSINESS PARK BLVD, EAGLE RIVER, AK 99577",,
ALBERTSONS/SAFEWAY EAST WENATCHEE 183521,510 GRANT RD,EAST WENATCHEE,WA,98802,"510 GRANT RD, EAST WENATCHEE, WA 98802",47.4044521,-120.2809947
ALBERTSONS/SAFEWAY EDMONDS 181297,23632 HIGHWAY 99,EDMONDS,WA,98026,"23632 HIGHWAY 99, EDMONDS, WA 98026",47.7842505,-122.3450073
ALBERTSONS/SAFEWAY EL CERRITO 172940,11450 SAN PABLO AVE,EL CERRITO,CA,94530,"11450 SAN PABLO AVE, EL CERRITO, CA 94530",37.9223638,-122.3154597
ALBERTSONS/SAFEWAY EL DORADO HILLS 170748,3383 BASS LAKE RD,EL DORADO HILLS,CA,95762,"3383 BASS LAKE RD, EL DORADO HILLS, CA 95762",38.6751471,-121.028389
ALBERTSONS/SAFEWAY EL DORADO HILLS 172683,2207 FRANCISCO DR,EL DORADO HILLS,CA,95762,"2207 FRANCISCO DR, EL DORADO HILLS, CA 95762",38.711388,-121.0841069
ALBERTSONS/SAFEWAY ELK GROVE 170094,10050 BRUCEVILLE RD,ELK GROVE,CA,95757,"10050 BRUCEVILLE RD, ELK GROVE, CA 95757",38.39241,-121.418378
ALBERTSONS/SAFEWAY ELK GROVE 171647,5021 LAGUNA BLVD,ELK GROVE,CA,95758,"5021 LAGUNA BLVD, ELK GROVE, CA 95758",38.4242769,-121.4466039
ALBERTSONS/SAFEWAY ELLENSBURG 181630,400 N RUBY ST,ELLENSBURG,WA,98926,"400 N RUBY ST, ELLENSBURG, WA 98926",46.9961974,-120.5430011
ALBERTSONS/SAFEWAY EMERYVILLE 173125,3889 SAN PABLO AVE,EMERYVILLE,CA,94608,"3889 SAN PABLO AVE, EMERYVILLE, CA 94608",37.8292479,-122.2800518
ALBERTSONS/SAFEWAY ENUMCLAW 180494,152 ROOSEVELT AVE,ENUMCLAW,WA,98022,"152 ROOSEVELT AVE, ENUMCLAW, WA 98022",47.1981605,-121.9799269
ALBERTSONS/SAFEWAY EUREKA 172908,2555 HARRIS ST,EUREKA,CA,95503,"2555 HARRIS ST, EUREKA, CA 95503",40.7811034,-124.1384688
ALBERTSONS/SAFEWAY EVERETT 171461,520 128TH ST SW,EVERETT,WA,98204,"520 128TH ST SW, EVERETT, WA 98204",47.8809128,-122.241684
ALBERTSONS/SAFEWAY EVERETT 180503,11031 19TH AVE SE,EVERETT,WA,98208,"11031 19TH AVE SE, EVERETT, WA 98208",47.8973184,-122.2050679
ALBERTSONS/SAFEWAY EVERETT 181484,4128 RUCKER AVE,EVERETT,WA,98203,"4128 RUCKER AVE, EVERETT, WA 98203",47.9628426,-122.2108958
ALBERTSONS/SAFEWAY EVERETT 182645,5802 134TH PL SE,EVERETT,WA,98208,"5802 134TH PL SE, EVERETT, WA 98208",47.8753937,-122.1536075
ALBERTSONS/SAFEWAY EVERETT 573298,7601 EVERGREEN WAY,EVERETT,WA,98203,"7601 EVERGREEN WAY, EVERETT, WA 98203",47.9294528,-122.218835
ALBERTSONS/SAFEWAY EWA BEACH 282897,91-1119 KEAUNUI DR,EWA BEACH,HI,96706,"91-1119 KEAUNUI DR, EWA BEACH, HI 96706",21.3271735,-158.020013
ALBERTSONS/SAFEWAY FAIR OAKS 171846,8925 MADISON AVE,FAIR OAKS,CA,95628,"8925 MADISON AVE, FAIR OAKS, CA 95628",38.6653372,-121.2240693
ALBERTSONS/SAFEWAY FAIR OAKS 171895,5450 DEWEY DR,FAIR OAKS,CA,95628,"5450 DEWEY DR, FAIR OAKS, CA 95628",38.6648273,-121.3074075
ALBERTSONS/SAFEWAY FAIRBANKS 252754,3627 AIRPORT WAY,FAIRBANKS,AK,99709,"3627 AIRPORT WAY, FAIRBANKS, AK 99709",64.8356745,-147.8081875
ALBERTSONS/SAFEWAY FAIRBANKS 253410,30 COLLEGE RD,FAIRBANKS,AK,99701,"30 COLLEGE RD, FAIRBANKS, AK 99701",64.8517344,-147.7009677
ALBERTSONS/SAFEWAY FAIRFIELD 171127,2401 WATERMAN BLVD,FAIRFIELD,CA,94534,"2401 WATERMAN BLVD, FAIRFIELD, CA 94534",38.2717856,-122.0531961
ALBERTSONS/SAFEWAY FAIRFIELD 171722,5051 BUSINESS CENTER DR,FAIRFIELD,CA,94534,"5051 BUSINESS CENTER DR, FAIRFIELD, CA 94534",38.2177593,-122.1423325
ALBERTSONS/SAFEWAY FALLON 171517,890 W WILLIAMS AVE,FALLON,NV,89406,"890 W WILLIAMS AVE, FALLON, NV 89406",39.4771602,-118.7871206
ALBERTSONS/SAFEWAY FEDERAL WAY 181555,1207 S 320TH ST,FEDERAL WAY,WA,98003,"1207 S 320TH ST, FEDERAL WAY, WA 98003",47.3150814,-122.3173631
ALBERTSONS/SAFEWAY FELTON 170786,6255 GRAHAM HILL RD,FELTON,CA,95018,"6255 GRAHAM HILL RD, FELTON, CA 95018",37.0529973,-122.0687316
ALBERTSONS/SAFEWAY FOLSOM 171794,1850 PRAIRIE CITY RD,FOLSOM,CA,95630,"1850 PRAIRIE CITY RD, FOLSOM, CA 95630",38.649877,-121.165815
ALBERTSONS/SAFEWAY FORTUNA 170975,701 S FORTUNA BLVD,FORTUNA,CA,95540,"701 S FORTUNA BLVD, FORTUNA, CA 95540",40.5841083,-124.144959
ALBERTSONS/SAFEWAY FOSTER CITY 170999,921 E HILLSDALE BLVD,FOSTER CITY,CA,94404,"921 E HILLSDALE BLVD, FOSTER CITY, CA 94404",37.557065,-122.2756751
ALBERTSONS/SAFEWAY FREEDOM 172840,2010 FREEDOM BLVD,FREEDOM,CA,95019,"2010 FREEDOM BLVD, FREEDOM, CA 95019",36.9401035,-121.7754448
ALBERTSONS/SAFEWAY FREMONT 170309,39100 ARGONAUT WAY,FREMONT,CA,94538,"39100 ARGONAUT WAY, FREMONT, CA 94538",37.5452818,-121.9893946
ALBERTSONS/SAFEWAY FREMONT 170993,3902 WASHINGTON BLVD,FREMONT,CA,94538,"3902 WASHINGTON BLVD, FREMONT, CA 94538",37.5315312,-121.9573021
ALBERTSONS/SAFEWAY FREMONT 171931,46848 MISSION BLVD,FREMONT,CA,94539,"46848 MISSION BLVD, FREMONT, CA 94539",37.4895703,-121.9276081
ALBERTSONS/SAFEWAY FRESNO 171754,5638 E KINGS CANYON RD,FRESNO,CA,93727,"5638 E KINGS CANYON RD, FRESNO, CA 93727",36.7344531,-119.6984282
ALBERTSONS/SAFEWAY FRESNO 172188,8949 N CEDAR AVE,FRESNO,CA,93720,"8949 N CEDAR AVE, FRESNO, CA 93720",36.8649328,-119.7585325
ALBERTSONS/SAFEWAY FT BRAGG 170978,660 S MAIN ST,FT BRAGG,CA,95437,"660 S MAIN ST, FT BRAGG, CA 95437",39.433443,-123.8054513
ALBERTSONS/SAFEWAY GIG HARBOR 174406,11330 51ST AVE,GIG HARBOR,WA,98332,"11330 51ST AVE, GIG HARBOR, WA 98332",47.3610264,-122.6045926
ALBERTSONS/SAFEWAY GIG HARBOR 573321,4831 POINT FOSDICK DR,GIG HARBOR,WA,98335,"4831 POINT FOSDICK DR, GIG HARBOR, WA 98335",47.3022021,-122.5758321
ALBERTSONS/SAFEWAY GILROY 171505,905 1ST ST,GILROY,CA,95020,"905 1ST ST, GILROY, CA 95020",37.0144768,-121.5889625
ALBERTSONS/SAFEWAY GRAHAM 180547,10105 224TH ST E,GRAHAM,WA,98338,"10105 224TH ST E, GRAHAM, WA 98338",47.0543204,-122.2967539
ALBERTSONS/SAFEWAY GRASS VALLEY 172842,867 SUTTON WAY,GRASS VALLEY,CA,95945,"867 SUTTON WAY, GRASS VALLEY, CA 95945",39.2354924,-121.032331
ALBERTSONS/SAFEWAY GUERNEVILLE 170950,16405 HWY 116,GUERNEVILLE,CA,95446,"16405 HWY 116, GUERNEVILLE, CA 95446",38.4998364,-122.9938614
ALBERTSONS/SAFEWAY HALF MOON BAY 170308,70 CABRILLO HWY N,HALF MOON BAY,CA,94019,"70 CABRILLO HWY N, HALF MOON BAY, CA 94019",37.4856765,-122.4479094
ALBERTSONS/SAFEWAY HAWTHORNE 172255,HWY 95 & ARMORY ROAD,HAWTHORNE,NV,89415,"HWY 95 & ARMORY ROAD, HAWTHORNE, NV 89415",,
ALBERTSONS/SAFEWAY HAYDEN 170254,197 W PRAIRIE AVE,HAYDEN,ID,83835,"197 W PRAIRIE AVE, HAYDEN, ID 83835",47.744553,-116.789433
ALBERTSONS/SAFEWAY HAYWARD 170971,22280 FOOTHILL BLVD,HAYWARD,CA,94541,"22280 FOOTHILL BLVD, HAYWARD, CA 94541",37.6797282,-122.0833654
ALBERTSONS/SAFEWAY HEALDSBURG 170998,1115 VINE ST,HEALDSBURG,CA,95448,"1115 VINE ST, HEALDSBURG, CA 95448",38.6091801,-122.8734384
ALBERTSONS/SAFEWAY HERCULES 172874,4080 SAN PABLO AVE,HERCULES,CA,94547,"4080 SAN PABLO AVE, HERCULES, CA 94547",38.0147922,-122.2716522
ALBERTSONS/SAFEWAY HILO 282893,381 E MAKAALA ST,HILO,HI,96720,"381 E MAKAALA ST, HILO, HI 96720",19.699701,-155.0611328
ALBERTSONS/SAFEWAY HOBBS 550680,2402 N GRIMES ST,HOBBS,NM,88240,"2402 N GRIMES ST, HOBBS, NM 88240",32.726852,-103.1447145
ALBERTSONS/SAFEWAY HOLLISTER 171757,591 TRES PINOS RD,HOLLISTER,CA,95023,"591 TRES PINOS RD, HOLLISTER, CA 95023",36.8383826,-121.3919157
ALBERTSONS/SAFEWAY HONOLULU 280215,377 KEAHOLE ST,HONOLULU,HI,96825,"377 KEAHOLE ST, HONOLULU, HI 96825",21.2852059,-157.7068465
ALBERTSONS/SAFEWAY HONOLULU 28204,2855 EAST MANOA RD,HONOLULU,HI,96822,"2855 EAST MANOA RD, HONOLULU, HI 96822",21.3087899,-157.8103177
ALBERTSONS/SAFEWAY HONOLULU 282747,888 KAPAHULU AVE,HONOLULU,HI,96816,"888 KAPAHULU AVE, HONOLULU, HI 96816",21.2842196,-157.8143991
ALBERTSONS/SAFEWAY HONOLULU 282944,1234 S BERETANIA ST,HONOLULU,HI,96814,"1234 S BERETANIA ST, HONOLULU, HI 96814",21.3016979,-157.8421224
ALBERTSONS/SAFEWAY ISSAQUAH 181624,735 NW GILMAN BLVD,ISSAQUAH,WA,98027,"735 NW GILMAN BLVD, ISSAQUAH, WA 98027",47.5414952,-122.048116
ALBERTSONS/SAFEWAY ISSAQUAH 183006,1451 HIGHLANDS DR NE,ISSAQUAH,WA,98029,"1451 HIGHLANDS DR NE, ISSAQUAH, WA 98029",47.5413496,-122.0196304
ALBERTSONS/SAFEWAY JACKSON 172778,12110 INDUSTRY BLVD,JACKSON,CA,95642,"12110 INDUSTRY BLVD, JACKSON, CA 95642",38.3682067,-120.8000357
ALBERTSONS/SAFEWAY JUNEAU 251820,3033 VINTAGE BLVD,JUNEAU,AK,99801,"3033 VINTAGE BLVD, JUNEAU, AK 99801",58.3710391,-134.5949475
ALBERTSONS/SAFEWAY KAILUA KONA 281117,75-971 HENRY ST,KAILUA KONA,HI,96740,"75-971 HENRY ST, KAILUA KONA, HI 96740",19.6438496,-155.9905123
ALBERTSONS/SAFEWAY KAPOLEI 281263,590 FARRINGTON HWY UNIT 400,KAPOLEI,HI,96707,"590 FARRINGTON HWY UNIT 400, KAPOLEI, HI 96707",,
ALBERTSONS/SAFEWAY KENAI 251808,10576 KENAI SPUR HWY,KENAI,AK,99611,"10576 KENAI SPUR HWY, KENAI, AK 99611",60.5602222,-151.2409435
ALBERTSONS/SAFEWAY KENMORE 183500,6850 NE BOTHELL WAY,KENMORE,WA,98028,"6850 NE BOTHELL WAY, KENMORE, WA 98028",47.7583642,-122.2471602
ALBERTSONS/SAFEWAY KENNEWICK 173253,5204 W CLEARWATER AVE,KENNEWICK,WA,99336,"5204 W CLEARWATER AVE, KENNEWICK, WA 99336",46.2138661,-119.192693
ALBERTSONS/SAFEWAY KENT 180459,20830 108TH AVE SE,KENT,WA,98031,"20830 108TH AVE SE, KENT, WA 98031",47.415142,-122.1955804
ALBERTSONS/SAFEWAY KENT 181294,210 WASHINGTON AVE S,KENT,WA,98032,"210 WASHINGTON AVE S, KENT, WA 98032",47.3803887,-122.2466416
ALBERTSONS/SAFEWAY KENT 181966,13101 SE KENT KANGLEY RD,KENT,WA,98030,"13101 SE KENT KANGLEY RD, KENT, WA 98030",47.3567315,-122.1667755
ALBERTSONS/SAFEWAY KETCHIKAN 251818,2417 TONGASS AVE,KETCHIKAN,AK,99901,"2417 TONGASS AVE, KETCHIKAN, AK 99901",55.3484755,-131.6732313
ALBERTSONS/SAFEWAY KIHEI 281500,277 PIIKEA AVE,KIHEI,HI,96753,"277 PIIKEA AVE, KIHEI, HI 96753",20.7508107,-156.45058
ALBERTSONS/SAFEWAY KING CITY 171232,530 CANAL ST,KING CITY,CA,93930,"530 CANAL ST, KING CITY, CA 93930",36.2044846,-121.1332253
ALBERTSONS/SAFEWAY KINGS BEACH 171592,7815 NORTH LAKE BOULEVARD,KINGS BEACH,CA,96143,"7815 NORTH LAKE BOULEVARD, KINGS BEACH, CA 96143",39.2381016,-120.0338696
ALBERTSONS/SAFEWAY KINGSTON 170186,8196 NE STATE HIGHWAY 104,KINGSTON,WA,98346,"8196 NE STATE HIGHWAY 104, KINGSTON, WA 98346",47.8113338,-122.540751
ALBERTSONS/SAFEWAY KIRKLAND 180526,14444 124TH AVE NE,KIRKLAND,WA,98034,"14444 124TH AVE NE, KIRKLAND, WA 98034",47.7326513,-122.1741044
ALBERTSONS/SAFEWAY KIRKLAND 181142,12519 NE 85TH ST,KIRKLAND,WA,98033,"12519 NE 85TH ST, KIRKLAND, WA 98033",47.6788462,-122.17341
ALBERTSONS/SAFEWAY KIRKLAND 182734,10020 NE 137TH ST,KIRKLAND,WA,98034,"10020 NE 137TH ST, KIRKLAND, WA 98034",47.7236368,-122.2063788
ALBERTSONS/SAFEWAY KODIAK 251090,2685 MILL BAY RD,KODIAK,AK,99615,"2685 MILL BAY RD, KODIAK, AK 99615",57.8107849,-152.3675846
ALBERTSONS/SAFEWAY LACEY 180543,4700 YELM HWY SE,LACEY,WA,98503,"4700 YELM HWY SE, LACEY, WA 98503",46.9979928,-122.8222101
ALBERTSONS/SAFEWAY LACEY 181977,6200 PACIFIC AVE SE,LACEY,WA,98503,"6200 PACIFIC AVE SE, LACEY, WA 98503",47.0392116,-122.7998455
ALBERTSONS/SAFEWAY LAFAYETTE 170783,3540 MT DIABLO BLVD,LAFAYETTE,CA,94549,"3540 MT DIABLO BLVD, LAFAYETTE, CA 94549",37.8928791,-122.1194454
ALBERTSONS/SAFEWAY LAHAINA MAUI 281222,1221 HONOAPIILANI HWY,LAHAINA MAUI,HI,96761,"1221 HONOAPIILANI HWY, LAHAINA MAUI, HI 96761",20.8863066,-156.6841611
ALBERTSONS/SAFEWAY LAKE STEVENS 181803,717 STATE ROUTE 9 NE,LAKE STEVENS,WA,98258,"717 STATE ROUTE 9 NE, LAKE STEVENS, WA 98258",,
ALBERTSONS/SAFEWAY LAKEPORT 170983,1071 11TH ST,LAKEPORT,CA,95453,"1071 11TH ST, LAKEPORT, CA 95453",39.0484823,-122.9256815
ALBERTSONS/SAFEWAY LAKEWOOD 181645,10223 GRAVELLY LAKE DR SW,LAKEWOOD,WA,98499,"10223 GRAVELLY LAKE DR SW, LAKEWOOD, WA 98499",47.1640818,-122.5183652
ALBERTSONS/SAFEWAY LEWISTON 170238,1024 21ST ST,LEWISTON,ID,83501,"1024 21ST ST, LEWISTON, ID 83501",46.4099284,-117.0035731
ALBERTSONS/SAFEWAY LIBERTY LAKE 172248,1304 N LIBERTY LAKE RD,LIBERTY LAKE,WA,99019,"1304 N LIBERTY LAKE RD, LIBERTY LAKE, WA 99019",47.6694704,-117.1035387
ALBERTSONS/SAFEWAY LIHUE 282894,4454 NUHOU ST,LIHUE,HI,96766,"4454 NUHOU ST, LIHUE, HI 96766",,
ALBERTSONS/SAFEWAY LINCOLN 171761,67 LINCOLN BLVD,LINCOLN,CA,95648,"67 LINCOLN BLVD, LINCOLN, CA 95648",38.878114,-121.2941573
ALBERTSONS/SAFEWAY LIVERMORE 170910,1554 1ST ST,LIVERMORE,CA,94550,"1554 1ST ST, LIVERMORE, CA 94550",37.678716,-121.7796779
ALBERTSONS/SAFEWAY LIVERMORE 171257,4495 1ST ST,LIVERMORE,CA,94551,"4495 1ST ST, LIVERMORE, CA 94551",37.677673,-121.7914604
ALBERTSONS/SAFEWAY LODI 171648,2449 W KETTLEMAN LN,LODI,CA,95242,"2449 W KETTLEMAN LN, LODI, CA 95242",38.1153204,-121.3053949
ALBERTSONS/SAFEWAY LOS GATOS 170742,1500 POLLARD RD,LOS GATOS,CA,95032,"1500 POLLARD RD, LOS GATOS, CA 95032",37.2637148,-121.9844413
ALBERTSONS/SAFEWAY LOS GATOS 171245,15549 UNION AVE,LOS GATOS,CA,95032,"15549 UNION AVE, LOS GATOS, CA 95032",37.2422274,-121.931288
ALBERTSONS/SAFEWAY LOS GATOS 172815,470 N SANTA CRUZ AVE,LOS GATOS,CA,95030,"470 N SANTA CRUZ AVE, LOS GATOS, CA 95030",37.231425,-121.9790836
ALBERTSONS/SAFEWAY LOVINGTON 550656,1415 N MAIN ST,LOVINGTON,NM,88260,"1415 N MAIN ST, LOVINGTON, NM 88260",32.9619272,-103.3485567
ALBERTSONS/SAFEWAY LYNDEN 181930,8071 GUIDE MERIDIAN RD UNIT 10,LYNDEN,WA,98264,"8071 GUIDE MERIDIAN RD UNIT 10, LYNDEN, WA 98264",,
ALBERTSONS/SAFEWAY LYNNWOOD 170469,12811 BEVERLY PARK RD,LYNNWOOD,WA,98087,"12811 BEVERLY PARK RD, LYNNWOOD, WA 98087",47.881038,-122.280755
ALBERTSONS/SAFEWAY LYNNWOOD 170485,19500 HIGHWAY 99,LYNNWOOD,WA,98036,"19500 HIGHWAY 99, LYNNWOOD, WA 98036",47.822299,-122.314333
ALBERTSONS/SAFEWAY LYNNWOOD 183523,14826 HIGHWAY 99,LYNNWOOD,WA,98087,"14826 HIGHWAY 99, LYNNWOOD, WA 98087",47.8487065,-122.29382
ALBERTSONS/SAFEWAY MANTECA 173124,1187 S MAIN ST,MANTECA,CA,95337,"1187 S MAIN ST, MANTECA, CA 95337",37.7871267,-121.2157423
ALBERTSONS/SAFEWAY MAPLE VALLEY 181471,26916 MAPLE VALLEY RD.,MAPLE VALLEY,WA,98038,"26916 MAPLE VALLEY RD., MAPLE VALLEY, WA 98038",47.3601706,-122.0183032
ALBERTSONS/SAFEWAY MARTINEZ 170939,3334 ALHAMBRA AVE,MARTINEZ,CA,94553,"3334 ALHAMBRA AVE, MARTINEZ, CA 94553",38.0007186,-122.1330512
ALBERTSONS/SAFEWAY MARTINEZ 170972,6688 ALHAMBRA AVE,MARTINEZ,CA,94553,"6688 ALHAMBRA AVE, MARTINEZ, CA 94553",37.9579697,-122.0939203
ALBERTSONS/SAFEWAY MARYSVILLE 170471,301 MARYSVILLE MALL # 60,MARYSVILLE,WA,98270,"301 MARYSVILLE MALL # 60, MARYSVILLE, WA 98270",,
ALBERTSONS/SAFEWAY MARYSVILLE 181485,1258 STATE AVE,MARYSVILLE,WA,98270,"1258 STATE AVE, MARYSVILLE, WA 98270",48.0625452,-122.1744299
ALBERTSONS/SAFEWAY MCKINLEYVILLE 171640,1503 CITY CENTER RD,MCKINLEYVILLE,CA,95519,"1503 CITY CENTER RD, MCKINLEYVILLE, CA 95519",40.9437001,-124.103144
ALBERTSONS/SAFEWAY MENLO PARK 171709,325 SHARON PARK DR,MENLO PARK,CA,94025,"325 SHARON PARK DR, MENLO PARK, CA 94025",37.4239182,-122.1967058
ALBERTSONS/SAFEWAY MENLO PARK 172719,525 EL CAMINO REAL,MENLO PARK,CA,94025,"525 EL CAMINO REAL, MENLO PARK, CA 94025",37.4505561,-122.1792211
ALBERTSONS/SAFEWAY MILL CREEK 170458,16304 BOTHELL EVERETT HWY,MILL CREEK,WA,98012,"16304 BOTHELL EVERETT HWY, MILL CREEK, WA 98012",47.8509781,-122.2201051
ALBERTSONS/SAFEWAY MILL VALLEY 170788,1 CAMINO ALTO,MILL VALLEY,CA,94941,"1 CAMINO ALTO, MILL VALLEY, CA 94941",37.8941666,-122.5313649
ALBERTSONS/SAFEWAY MILL VALLEY 172718,800 REDWOOD HWY FRONTAGE RD,MILL VALLEY,CA,94941,"800 REDWOOD HWY FRONTAGE RD, MILL VALLEY, CA 94941",37.898605,-122.515011
ALBERTSONS/SAFEWAY MILLBRAE 172878,525 EL CAMINO REAL,MILLBRAE,CA,94030,"525 EL CAMINO REAL, MILLBRAE, CA 94030",37.603347,-122.3941351
ALBERTSONS/SAFEWAY MILLWOOD 170246,8851 E TRENT AVE,MILLWOOD,WA,99212,"8851 E TRENT AVE, MILLWOOD, WA 99212",47.6815425,-117.2857057
ALBERTSONS/SAFEWAY MILPITAS 171879,555 E CALAVERAS BLVD,MILPITAS,CA,95035,"555 E CALAVERAS BLVD, MILPITAS, CA 95035",37.4350066,-121.8980289
ALBERTSONS/SAFEWAY MILTON 183545,900 MERIDIAN E STE 12,MILTON,WA,98354,"900 MERIDIAN E STE 12, MILTON, WA 98354",,
ALBERTSONS/SAFEWAY MODESTO 171661,2001 MCHENRY AVE STE C,MODESTO,CA,95350,"2001 MCHENRY AVE STE C, MODESTO, CA 95350",,
ALBERTSONS/SAFEWAY MONROE 180537,19651 STATE ROUTE 2,MONROE,WA,98272,"19651 STATE ROUTE 2, MONROE, WA 98272",,
ALBERTSONS/SAFEWAY MORAGA 170969,1355 MORAGA WAY,MORAGA,CA,94556,"1355 MORAGA WAY, MORAGA, CA 94556",37.8351629,-122.1298443
ALBERTSONS/SAFEWAY MORGAN HILL 171455,840 E DUNNE AVE,MORGAN HILL,CA,95037,"840 E DUNNE AVE, MORGAN HILL, CA 95037",37.1287525,-121.6364085
ALBERTSONS/SAFEWAY MORGAN HILL 171891,235 TENNANT STA,MORGAN HILL,CA,95037,"235 TENNANT STA, MORGAN HILL, CA 95037",37.1130037,-121.6398591
ALBERTSONS/SAFEWAY MOSCOW 180383,1320 S BLAINE ST,MOSCOW,ID,83843,"1320 S BLAINE ST, MOSCOW, ID 83843",46.7222914,-116.9828916
ALBERTSONS/SAFEWAY MOSES LAKE 183252,601 S PIONEER WAY STE A,MOSES LAKE,WA,98837,"601 S PIONEER WAY STE A, MOSES LAKE, WA 98837",,
ALBERTSONS/SAFEWAY MOUNT LAKE TERRACE 170414,4301 212TH ST SW,MOUNT LAKE TERRACE,WA,98043,"4301 212TH ST SW, MOUNT LAKE TERRACE, WA 98043",,
ALBERTSONS/SAFEWAY MOUNTAIN HOUSE 170055,19555 S. MOUNTAIN HOUSE PKWY,MOUNTAIN HOUSE,CA,95391,"19555 S. MOUNTAIN HOUSE PKWY, MOUNTAIN HOUSE, CA 95391",37.7816257,-121.5311339
ALBERTSONS/SAFEWAY MOUNTAIN VIEW 170705,570 N SHORELINE BLVD,MOUNTAIN VIEW,CA,94043,"570 N SHORELINE BLVD, MOUNTAIN VIEW, CA 94043",37.4025236,-122.0797961
ALBERTSONS/SAFEWAY MOUNTAIN VIEW 172948,645 SAN ANTONIO RD,MOUNTAIN VIEW,CA,94040,"645 SAN ANTONIO RD, MOUNTAIN VIEW, CA 94040",37.4017822,-122.1118113
ALBERTSONS/SAFEWAY MOUNTAIN VIEW 173403,580 N RENGSTORFF AVE,MOUNTAIN VIEW,CA,94043,"580 N RENGSTORFF AVE, MOUNTAIN VIEW, CA 94043",37.4114524,-122.0936729
ALBERTSONS/SAFEWAY MT VERNON 181472,315 E COLLEGE WAY,MT VERNON,WA,98273,"315 E COLLEGE WAY, MT VERNON, WA 98273",48.4376187,-122.3371998
ALBERTSONS/SAFEWAY NAPA 172449,3375 JEFFERSON ST,NAPA,CA,94558,"3375 JEFFERSON ST, NAPA, CA 94558",38.3214335,-122.3017736
ALBERTSONS/SAFEWAY NEWARK 171224,5877 JARVIS AVE,NEWARK,CA,94560,"5877 JARVIS AVE, NEWARK, CA 94560",37.5532505,-122.0470768
ALBERTSONS/SAFEWAY NEWCASTLE 180558,6911 COAL CREEK PKWY SE,NEWCASTLE,WA,98059,"6911 COAL CREEK PKWY SE, NEWCASTLE, WA 98059",47.5394931,-122.1677599
ALBERTSONS/SAFEWAY NEWPORT 181159,121 W WALNUT ST,NEWPORT,WA,99156,"121 W WALNUT ST, NEWPORT, WA 99156",48.1833367,-117.0405291
ALBERTSONS/SAFEWAY NO. BEND 181528,460 SW MT SI BLVD,NO. BEND,WA,98045,"460 SW MT SI BLVD, NO. BEND, WA 98045",,
ALBERTSONS/SAFEWAY NORTH POLE 251821,301 N SANTA CLAUS LN,NORTH POLE,AK,99705,"301 N SANTA CLAUS LN, NORTH POLE, AK 99705",64.7575141,-147.3542977
ALBERTSONS/SAFEWAY NOVATO 170979,900 DIABLO AVE,NOVATO,CA,94947,"900 DIABLO AVE, NOVATO, CA 94947",38.1024254,-122.570633
ALBERTSONS/SAFEWAY NOVATO 172828,5720 NAVE DR,NOVATO,CA,94949,"5720 NAVE DR, NOVATO, CA 94949",38.0622832,-122.5321241
ALBERTSONS/SAFEWAY OAK HARBOR 180402,1450 SW ERIE ST,OAK HARBOR,WA,98277,"1450 SW ERIE ST, OAK HARBOR, WA 98277",48.2866938,-122.6614711
ALBERTSONS/SAFEWAY OAKHURST 172409,40044 HIGHWAY 49,OAKHURST,CA,93644,"40044 HIGHWAY 49, OAKHURST, CA 93644",,
ALBERTSONS/SAFEWAY OAKLAND 170654,2096 MOUNTAIN BLVD,OAKLAND,CA,94611,"2096 MOUNTAIN BLVD, OAKLAND, CA 94611",37.8255038,-122.2087068
ALBERTSONS/SAFEWAY OAKLAND 170908,3550 FRUITVALE AVE,OAKLAND,CA,94602,"3550 FRUITVALE AVE, OAKLAND, CA 94602",37.8012676,-122.2153532
ALBERTSONS/SAFEWAY OAKLAND 171119,3747 GRAND AVE,OAKLAND,CA,94610,"3747 GRAND AVE, OAKLAND, CA 94610",37.817355,-122.2456673
ALBERTSONS/SAFEWAY OAKLAND 172870,6310 COLLEGE AVE,OAKLAND,CA,94618,"6310 COLLEGE AVE, OAKLAND, CA 94618",37.8501594,-122.252219
ALBERTSONS/SAFEWAY OAKLAND 173132,5130 BROADWAY,OAKLAND,CA,94611,"5130 BROADWAY, OAKLAND, CA 94611",37.8353899,-122.2516273
ALBERTSONS/SAFEWAY OAKLEY 172657,998 LAUREL ROAD,OAKLEY,CA,94561,"998 LAUREL ROAD, OAKLEY, CA 94561",37.983355,-121.713896
ALBERTSONS/SAFEWAY OLYMPIA 173417,3520 PACIFIC AVE SE,OLYMPIA,WA,98501,"3520 PACIFIC AVE SE, OLYMPIA, WA 98501",47.0427111,-122.8457519
ALBERTSONS/SAFEWAY OLYMPIA 181173,1243 MARVIN RD NE,OLYMPIA,WA,98516,"1243 MARVIN RD NE, OLYMPIA, WA 98516",47.0582537,-122.7666029
ALBERTSONS/SAFEWAY OLYMPIA 181464,3215 HARRISON AVE NW,OLYMPIA,WA,98502,"3215 HARRISON AVE NW, OLYMPIA, WA 98502",47.0454134,-122.9420724
ALBERTSONS/SAFEWAY OLYMPIA 181952,4280 MARTIN WAY E,OLYMPIA,WA,98516,"4280 MARTIN WAY E, OLYMPIA, WA 98516",47.0500372,-122.8292041
ALBERTSONS/SAFEWAY OMAK 181194,607 OMACHE DR,OMAK,WA,98841,"607 OMACHE DR, OMAK, WA 98841",48.4181044,-119.5106601
ALBERTSONS/SAFEWAY ORINDA 170967,2 CAMINO SOBRANTE,ORINDA,CA,94563,"2 CAMINO SOBRANTE, ORINDA, CA 94563",37.8837131,-122.1909928
ALBERTSONS/SAFEWAY PACIFIC GROVE 170761,1212 FOREST AVE,PACIFIC GROVE,CA,93950,"1212 FOREST AVE, PACIFIC GROVE, CA 93950",36.6048933,-121.9212232
ALBERTSONS/SAFEWAY PACIFICA 170304,1380 LINDA MAR BLVD # C,PACIFICA,CA,94044,"1380 LINDA MAR BLVD # C, PACIFICA, CA 94044",,
ALBERTSONS/SAFEWAY PACIFICA 172843,709 HICKEY BLVD,PACIFICA,CA,94044,"709 HICKEY BLVD, PACIFICA, CA 94044",37.6609627,-122.4778321
ALBERTSONS/SAFEWAY PALMER 251739,664 E PALMER WASILLA HWY,PALMER,AK,99645,"664 E PALMER WASILLA HWY, PALMER, AK 99645",61.5995775,-149.132809
ALBERTSONS/SAFEWAY PASCO 170228,1330 N 20TH AVE,PASCO,WA,99301,"1330 N 20TH AVE, PASCO, WA 99301",46.2404008,-119.1191104
ALBERTSONS/SAFEWAY PETALUMA 172456,701 SONOMA MOUNTAIN PKWY,PETALUMA,CA,94954,"701 SONOMA MOUNTAIN PKWY, PETALUMA, CA 94954",38.2697049,-122.6389113
ALBERTSONS/SAFEWAY PETALUMA 173011,389 S MCDOWELL BLVD,PETALUMA,CA,94954,"389 S MCDOWELL BLVD, PETALUMA, CA 94954",38.2489174,-122.6219218
ALBERTSONS/SAFEWAY PLACERVILLE 171724,3955 MISSOURI FLAT RD,PLACERVILLE,CA,95667,"3955 MISSOURI FLAT RD, PLACERVILLE, CA 95667",38.7143176,-120.8397041
ALBERTSONS/SAFEWAY PLEASANT HILL 170928,600 PATTERSON BLVD,PLEASANT HILL,CA,94523,"600 PATTERSON BLVD, PLEASANT HILL, CA 94523",37.9341793,-122.0722507
ALBERTSONS/SAFEWAY PLEASANT HILL 171541,1978 CONTRA COSTA BLVD,PLEASANT HILL,CA,94523,"1978 CONTRA COSTA BLVD, PLEASANT HILL, CA 94523",37.9489693,-122.0579725
ALBERTSONS/SAFEWAY PLEASANT HILL 172941,707 CONTRA COSTA BLVD,PLEASANT HILL,CA,94523,"707 CONTRA COSTA BLVD, PLEASANT HILL, CA 94523",37.9711448,-122.0616534
ALBERTSONS/SAFEWAY PLEASANTON 171502,1701 SANTA RITA RD,PLEASANTON,CA,94566,"1701 SANTA RITA RD, PLEASANTON, CA 94566",37.6748083,-121.8744273
ALBERTSONS/SAFEWAY PLEASANTON 172856,6790 BERNAL AVE,PLEASANTON,CA,94566,"6790 BERNAL AVE, PLEASANTON, CA 94566",37.6566883,-121.9001821
ALBERTSONS/SAFEWAY POLLOCK PINES 171825,6498 PONY EXPRESS TRL,POLLOCK PINES,CA,95726,"6498 PONY EXPRESS TRL, POLLOCK PINES, CA 95726",38.7621402,-120.5768475
ALBERTSONS/SAFEWAY PORT ANGELES 181492,110 E 3RD ST,PORT ANGELES,WA,98362,"110 E 3RD ST, PORT ANGELES, WA 98362",48.1157429,-123.4351601
ALBERTSONS/SAFEWAY PORT ANGELES 181922,2709 E HIGHWAY 101,PORT ANGELES,WA,98362,"2709 E HIGHWAY 101, PORT ANGELES, WA 98362",48.1057977,-123.3804903
ALBERTSONS/SAFEWAY PORT ORCHARD 170419,370 SW SEDGWICK RD,PORT ORCHARD,WA,98367,"370 SW SEDGWICK RD, PORT ORCHARD, WA 98367",47.4961276,-122.6520462
ALBERTSONS/SAFEWAY PORT ORCHARD 170475,1434 OLNEY AVE SE,PORT ORCHARD,WA,98366,"1434 OLNEY AVE SE, PORT ORCHARD, WA 98366",47.5356339,-122.6104442
ALBERTSONS/SAFEWAY PORT ORCHARD 573317,3355 BETHEL RD SE,PORT ORCHARD,WA,98366,"3355 BETHEL RD SE, PORT ORCHARD, WA 98366",47.5180276,-122.6301982
ALBERTSONS/SAFEWAY PORT TOWNSEND 180538,442 W SIMS WAY,PORT TOWNSEND,WA,98368,"442 W SIMS WAY, PORT TOWNSEND, WA 98368",48.1081487,-122.7826526
ALBERTSONS/SAFEWAY POULSBO 183148,19245 10TH AVE NE,POULSBO,WA,98370,"19245 10TH AVE NE, POULSBO, WA 98370",47.7382166,-122.6369327
ALBERTSONS/SAFEWAY PRUNEDALE 171204,17539 VIERRA CANYON RD,PRUNEDALE,CA,93907,"17539 VIERRA CANYON RD, PRUNEDALE, CA 93907",36.7921621,-121.6658637
ALBERTSONS/SAFEWAY PULLMAN 182639,430 SE BISHOP BLVD,PULLMAN,WA,99163,"430 SE BISHOP BLVD, PULLMAN, WA 99163",46.7159978,-117.177734
ALBERTSONS/SAFEWAY PUYALLUP 173106,11012 CANYON RD E,PUYALLUP,WA,98373,"11012 CANYON RD E, PUYALLUP, WA 98373",47.1567553,-122.3592236
ALBERTSONS/SAFEWAY PUYALLUP 181798,11501 CANYON RD E,PUYALLUP,WA,98373,"11501 CANYON RD E, PUYALLUP, WA 98373",47.1519531,-122.3552398
ALBERTSONS/SAFEWAY PUYALLUP 182640,13308 MERIDIAN E,PUYALLUP,WA,98373,"13308 MERIDIAN E, PUYALLUP, WA 98373",47.1351734,-122.2950259
ALBERTSONS/SAFEWAY PUYALLUP 182729,708 SHAW RD,PUYALLUP,WA,98372,"708 SHAW RD, PUYALLUP, WA 98372",47.1846088,-122.2592554
ALBERTSONS/SAFEWAY PUYALLUP 183228,5616 176TH ST E,PUYALLUP,WA,98375,"5616 176TH ST E, PUYALLUP, WA 98375",47.0950204,-122.3529168
ALBERTSONS/SAFEWAY QUINCY 170262,20 E MAIN ST,QUINCY,CA,95971,"20 E MAIN ST, QUINCY, CA 95971",39.9368341,-120.937576
ALBERTSONS/SAFEWAY RANCHO CORDOVA 171746,10635 FOLSOM BLVD,RANCHO CORDOVA,CA,95670,"10635 FOLSOM BLVD, RANCHO CORDOVA, CA 95670",38.5955284,-121.2933482
ALBERTSONS/SAFEWAY REDDING 171826,1070 E CYPRESS AVE,REDDING,CA,96002,"1070 E CYPRESS AVE, REDDING, CA 96002",40.5727478,-122.3512374
ALBERTSONS/SAFEWAY REDDING 171954,2275 PINE ST,REDDING,CA,96001,"2275 PINE ST, REDDING, CA 96001",40.5765857,-122.3848975
ALBERTSONS/SAFEWAY REDMOND 173418,3925 236TH AVE NE,REDMOND,WA,98053,"3925 236TH AVE NE, REDMOND, WA 98053",47.6454131,-122.026641
ALBERTSONS/SAFEWAY REDMOND 180464,17246 REMOND WAY_N E,REDMOND,WA,98052,"17246 REMOND WAY_N E, REDMOND, WA 98052",,
ALBERTSONS/SAFEWAY REDMOND 180496,15000 NE 24TH ST,REDMOND,WA,98052,"15000 NE 24TH ST, REDMOND, WA 98052",47.6324859,-122.1401516
ALBERTSONS/SAFEWAY REDWOOD CITY 170305,1071 EL CAMINO REAL,REDWOOD CITY,CA,94063,"1071 EL CAMINO REAL, REDWOOD CITY, CA 94063",37.4846068,-122.2303751
ALBERTSONS/SAFEWAY REDWOOD CITY 170747,850 WOODSIDE RD,REDWOOD CITY,CA,94061,"850 WOODSIDE RD, REDWOOD CITY, CA 94061",37.4656214,-122.225367
ALBERTSONS/SAFEWAY RENO 170188,1031 STEAMBOAT PKWY,RENO,NV,89521,"1031 STEAMBOAT PKWY, RENO, NV 89521",39.4251889,-119.738266
ALBERTSONS/SAFEWAY RENO 171210,5150 MAE ANNE AVE,RENO,NV,89523,"5150 MAE ANNE AVE, RENO, NV 89523",39.5324625,-119.8675912
ALBERTSONS/SAFEWAY RENTON 180519,17230 140TH AVE SE,RENTON,WA,98058,"17230 140TH AVE SE, RENTON, WA 98058",47.4472893,-122.1527464
ALBERTSONS/SAFEWAY RENTON 181563,200 S 3RD ST,RENTON,WA,98057,"200 S 3RD ST, RENTON, WA 98057",47.4800957,-122.2144561
ALBERTSONS/SAFEWAY RENTON 573319,4300 NE 4TH ST,RENTON,WA,98059,"4300 NE 4TH ST, RENTON, WA 98059",47.4900235,-122.1614531
ALBERTSONS/SAFEWAY RICHLAND 170252,690 GAGE BLVD,RICHLAND,WA,99352,"690 GAGE BLVD, RICHLAND, WA 99352",46.2280745,-119.2674491
ALBERTSONS/SAFEWAY RICHLAND 180333,1803 GEORGE WASHINGTON WAY,RICHLAND,WA,99354,"1803 GEORGE WASHINGTON WAY, RICHLAND, WA 99354",46.2995078,-119.2758975
ALBERTSONS/SAFEWAY RIO RANCHO 220903,4300 RIDGECREST DR SE,RIO RANCHO,NM,87124,"4300 RIDGECREST DR SE, RIO RANCHO, NM 87124",35.2544558,-106.6498483
ALBERTSONS/SAFEWAY ROCKLIN 171866,2220 SUNSET BLVD,ROCKLIN,CA,95765,"2220 SUNSET BLVD, ROCKLIN, CA 95765",38.8038141,-121.2723299
ALBERTSONS/SAFEWAY ROCKLIN 172286,4805 GRANITE DR,ROCKLIN,CA,95677,"4805 GRANITE DR, ROCKLIN, CA 95677",38.790078,-121.2222123
ALBERTSONS/SAFEWAY ROHNERT PARK 170918,6340 COMMERCE BLVD,ROHNERT PARK,CA,94928,"6340 COMMERCE BLVD, ROHNERT PARK, CA 94928",38.3476191,-122.708387
ALBERTSONS/SAFEWAY ROSEVILLE 171617,8640 SIERRA COLLEGE BLVD,ROSEVILLE,CA,95661,"8640 SIERRA COLLEGE BLVD, ROSEVILLE, CA 95661",38.7419805,-121.2284967
ALBERTSONS/SAFEWAY ROSEVILLE 171890,1080 PLEASANT GROVE BLVD,ROSEVILLE,CA,95678,"1080 PLEASANT GROVE BLVD, ROSEVILLE, CA 95678",38.7774034,-121.2916016
ALBERTSONS/SAFEWAY ROSEVILLE 171899,989 SUNRISE AVE,ROSEVILLE,CA,95661,"989 SUNRISE AVE, ROSEVILLE, CA 95661",38.730977,-121.2713358
ALBERTSONS/SAFEWAY ROSEVILLE 172620,9045 WOODCREEK OAKS BLVD,ROSEVILLE,CA,95747,"9045 WOODCREEK OAKS BLVD, ROSEVILLE, CA 95747",38.794003,-121.3306334
ALBERTSONS/SAFEWAY ROSEVILLE 172695,1770 PLEASANT GROVE BLVD.,ROSEVILLE,CA,95747,"1770 PLEASANT GROVE BLVD., ROSEVILLE, CA 95747",38.7663251,-121.3570777
ALBERTSONS/SAFEWAY S SAN FRANCISCO 173116,2255 GELLERT BLVD,S SAN FRANCISCO,CA,94080,"2255 GELLERT BLVD, S SAN FRANCISCO, CA 94080",37.6465908,-122.45197
ALBERTSONS/SAFEWAY SACRAMENTO 170190,424 HOWE AVE,SACRAMENTO,CA,95825,"424 HOWE AVE, SACRAMENTO, CA 95825",38.5732809,-121.4131247
ALBERTSONS/SAFEWAY SACRAMENTO 171289,8377 ELK GROVE FLORIN RD,SACRAMENTO,CA,95829,"8377 ELK GROVE FLORIN RD, SACRAMENTO, CA 95829",38.4534044,-121.3700104
ALBERTSONS/SAFEWAY SACRAMENTO 171530,3320 ARDEN WAY,SACRAMENTO,CA,95825,"3320 ARDEN WAY, SACRAMENTO, CA 95825",38.5945687,-121.3866436
ALBERTSONS/SAFEWAY SACRAMENTO 172242,1025 ALHAMBRA BLVD,SACRAMENTO,CA,95816,"1025 ALHAMBRA BLVD, SACRAMENTO, CA 95816",38.5716121,-121.464612
ALBERTSONS/SAFEWAY SACRAMENTO 172263,5345 ELKHORN BLVD,SACRAMENTO,CA,95842,"5345 ELKHORN BLVD, SACRAMENTO, CA 95842",38.6864834,-121.3394386
ALBERTSONS/SAFEWAY SACRAMENTO 172684,1814 19TH ST,SACRAMENTO,CA,95811,"1814 19TH ST, SACRAMENTO, CA 95811",38.5679371,-121.4862182
ALBERTSONS/SAFEWAY SACRAMENTO 172697,2851 DEL PASO RD,SACRAMENTO,CA,95835,"2851 DEL PASO RD, SACRAMENTO, CA 95835",38.6576986,-121.5247511
ALBERTSONS/SAFEWAY SACRAMENTO 173013,3680 CROCKER AVE STE 100,SACRAMENTO,CA,95818,"3680 CROCKER AVE STE 100, SACRAMENTO, CA 95818",,
ALBERTSONS/SAFEWAY SALINAS 171110,1546 N MAIN ST,SALINAS,CA,93906,"1546 N MAIN ST, SALINAS, CA 93906",36.712633,-121.6522154
ALBERTSONS/SAFEWAY SALINAS 172654,1516 CONSTITUTION BLVD,SALINAS,CA,93905,"1516 CONSTITUTION BLVD, SALINAS, CA 93905",36.699013,-121.6205726
ALBERTSONS/SAFEWAY SAMMAMISH 180555,630 228TH AVE NE,SAMMAMISH,WA,98074,"630 228TH AVE NE, SAMMAMISH, WA 98074",47.6153623,-122.033514
ALBERTSONS/SAFEWAY SAN ANSELMO 171723,838 SIR FRANCIS DRAKE BLVD,SAN ANSELMO,CA,94960,"838 SIR FRANCIS DRAKE BLVD, SAN ANSELMO, CA 94960",37.9807253,-122.5640939
ALBERTSONS/SAFEWAY SAN FRANCISCO 170667,5290 DIAMOND HEIGHTS BLVD,SAN FRANCISCO,CA,94131,"5290 DIAMOND HEIGHTS BLVD, SAN FRANCISCO, CA 94131",37.7435713,-122.4389441
ALBERTSONS/SAFEWAY SAN FRANCISCO 170739,3350 MISSION ST,SAN FRANCISCO,CA,94110,"3350 MISSION ST, SAN FRANCISCO, CA 94110",37.7432173,-122.4224715
ALBERTSONS/SAFEWAY SAN FRANCISCO 170759,625 MONTEREY BLVD,SAN FRANCISCO,CA,94127,"625 MONTEREY BLVD, SAN FRANCISCO, CA 94127",37.7312725,-122.4500512
ALBERTSONS/SAFEWAY SAN FRANCISCO 170785,850 LA PLAYA ST,SAN FRANCISCO,CA,94121,"850 LA PLAYA ST, SAN FRANCISCO, CA 94121",37.772524,-122.5093551
ALBERTSONS/SAFEWAY SAN FRANCISCO 170909,730 TARAVAL ST,SAN FRANCISCO,CA,94116,"730 TARAVAL ST, SAN FRANCISCO, CA 94116",37.7433862,-122.4741185
ALBERTSONS/SAFEWAY SAN FRANCISCO 170964,4950 MISSION ST,SAN FRANCISCO,CA,94112,"4950 MISSION ST, SAN FRANCISCO, CA 94112",37.7198271,-122.4389586
ALBERTSONS/SAFEWAY SAN FRANCISCO 170985,2350 NORIEGA ST,SAN FRANCISCO,CA,94122,"2350 NORIEGA ST, SAN FRANCISCO, CA 94122",37.7541295,-122.4888508
ALBERTSONS/SAFEWAY SAN FRANCISCO 171490,2300 16TH ST UNIT 203,SAN FRANCISCO,CA,94103,"2300 16TH ST UNIT 203, SAN FRANCISCO, CA 94103",,
ALBERTSONS/SAFEWAY SAN FRANCISCO 171507,2020 MARKET ST,SAN FRANCISCO,CA,94114,"2020 MARKET ST, SAN FRANCISCO, CA 94114",37.7693702,-122.4287489
ALBERTSONS/SAFEWAY SAN FRANCISCO 171711,15 MARINA BLVD,SAN FRANCISCO,CA,94123,"15 MARINA BLVD, SAN FRANCISCO, CA 94123",37.8044672,-122.4328345
ALBERTSONS/SAFEWAY SAN FRANCISCO 172606,298 KING ST,SAN FRANCISCO,CA,94107,"298 KING ST, SAN FRANCISCO, CA 94107",37.7767776,-122.3940709
ALBERTSONS/SAFEWAY SAN FRANCISCO 172646,735 7TH AVE,SAN FRANCISCO,CA,94118,"735 7TH AVE, SAN FRANCISCO, CA 94118",37.7744934,-122.465464
ALBERTSONS/SAFEWAY SAN JOSE 170316,179 BRANHAM LN,SAN JOSE,CA,95136,"179 BRANHAM LN, SAN JOSE, CA 95136",37.2659494,-121.8355615
ALBERTSONS/SAFEWAY SAN JOSE 170695,6477 ALMADEN EXPY,SAN JOSE,CA,95120,"6477 ALMADEN EXPY, SAN JOSE, CA 95120",37.2194509,-121.8614079
ALBERTSONS/SAFEWAY SAN JOSE 170767,6132 BOLLINGER RD,SAN JOSE,CA,95129,"6132 BOLLINGER RD, SAN JOSE, CA 95129",37.3096712,-122.0117857
ALBERTSONS/SAFEWAY SAN JOSE 170997,1663 BRANHAM LN,SAN JOSE,CA,95118,"1663 BRANHAM LN, SAN JOSE, CA 95118",37.2528752,-121.9034922
ALBERTSONS/SAFEWAY SAN JOSE 171465,5146 STEVENS CREEK BLVD,SAN JOSE,CA,95129,"5146 STEVENS CREEK BLVD, SAN JOSE, CA 95129",37.3204638,-121.9927684
ALBERTSONS/SAFEWAY SAN JOSE 171476,1300 W SAN CARLOS ST,SAN JOSE,CA,95126,"1300 W SAN CARLOS ST, SAN JOSE, CA 95126",37.3230153,-121.9119359
ALBERTSONS/SAFEWAY SAN JOSE 171483,1530 HAMILTON AVE,SAN JOSE,CA,95125,"1530 HAMILTON AVE, SAN JOSE, CA 95125",37.2932068,-121.9109793
ALBERTSONS/SAFEWAY SAN JOSE 171574,4950 ALMADEN EXPY STE 30,SAN JOSE,CA,95118,"4950 ALMADEN EXPY STE 30, SAN JOSE, CA 95118",,
ALBERTSONS/SAFEWAY SAN JOSE 172150,1489 BIRD AVE,SAN JOSE,CA,95125,"1489 BIRD AVE, SAN JOSE, CA 95125",37.3059439,-121.8906989
ALBERTSONS/SAFEWAY SAN JOSE 172776,1455 BERRYESSA RD,SAN JOSE,CA,95133,"1455 BERRYESSA RD, SAN JOSE, CA 95133",37.3705059,-121.881295
ALBERTSONS/SAFEWAY SAN JOSE 172900,5760 COTTLE RD,SAN JOSE,CA,95123,"5760 COTTLE RD, SAN JOSE, CA 95123",37.2470399,-121.8040627
ALBERTSONS/SAFEWAY SAN JOSE 172968,1305 S WINCHESTER BLVD,SAN JOSE,CA,95128,"1305 S WINCHESTER BLVD, SAN JOSE, CA 95128",37.3009318,-121.9518383
ALBERTSONS/SAFEWAY SAN JOSE 173095,2980 E CAPITOL EXPY,SAN JOSE,CA,95148,"2980 E CAPITOL EXPY, SAN JOSE, CA 95148",37.3307379,-121.8107574
ALBERTSONS/SAFEWAY SAN LEANDRO 170790,555 BANCROFT AVE,SAN LEANDRO,CA,94577,"555 BANCROFT AVE, SAN LEANDRO, CA 94577",37.7344667,-122.1524734
ALBERTSONS/SAFEWAY SAN LEANDRO 170994,1499 WASHINGTON AVE,SAN LEANDRO,CA,94577,"1499 WASHINGTON AVE, SAN LEANDRO, CA 94577",37.7232073,-122.1561957
ALBERTSONS/SAFEWAY SAN LEANDRO 172315,699 LEWELLING BLVD,SAN LEANDRO,CA,94579,"699 LEWELLING BLVD, SAN LEANDRO, CA 94579",37.6878382,-122.1386343
ALBERTSONS/SAFEWAY SAN LEANDRO 173111,555 FLORESTA BLVD,SAN LEANDRO,CA,94578,"555 FLORESTA BLVD, SAN LEANDRO, CA 94578",37.7028612,-122.1432408
ALBERTSONS/SAFEWAY SAN MATEO 170639,100 DE ANZA BLVD,SAN MATEO,CA,94402,"100 DE ANZA BLVD, SAN MATEO, CA 94402",37.5207748,-122.3378724
ALBERTSONS/SAFEWAY SAN MATEO 170694,860 N DELAWARE ST,SAN MATEO,CA,94401,"860 N DELAWARE ST, SAN MATEO, CA 94401",37.5803718,-122.332795
ALBERTSONS/SAFEWAY SAN MATEO 170970,1655 S EL CAMINO REAL,SAN MATEO,CA,94402,"1655 S EL CAMINO REAL, SAN MATEO, CA 94402",37.5533511,-122.3136649
ALBERTSONS/SAFEWAY SAN RAFAEL 170653,700 B ST,SAN RAFAEL,CA,94901,"700 B ST, SAN RAFAEL, CA 94901",37.9702593,-122.5292214
ALBERTSONS/SAFEWAY SAN RAFAEL 170932,950 LAS GALLINAS,SAN RAFAEL,CA,94903,"950 LAS GALLINAS, SAN RAFAEL, CA 94903",38.0085575,-122.548221
ALBERTSONS/SAFEWAY SAN RAMON 170982,2505 SAN RAMON VALLEY BLVD,SAN RAMON,CA,94583,"2505 SAN RAMON VALLEY BLVD, SAN RAMON, CA 94583",37.7732023,-121.976894
ALBERTSONS/SAFEWAY SAN RAMON 172712,11050 BOLLINGER CANYON RD,SAN RAMON,CA,94582,"11050 BOLLINGER CANYON RD, SAN RAMON, CA 94582",37.7736459,-121.9230079
ALBERTSONS/SAFEWAY SANTA CLARA 170700,2760 HOMESTEAD RD,SANTA CLARA,CA,95051,"2760 HOMESTEAD RD, SANTA CLARA, CA 95051",37.3378021,-121.9751761
ALBERTSONS/SAFEWAY SANTA CLARA 170763,2605 THE ALAMEDA,SANTA CLARA,CA,95050,"2605 THE ALAMEDA, SANTA CLARA, CA 95050",37.3451524,-121.9364052
ALBERTSONS/SAFEWAY SANTA CLARA 171990,3970 RIVERMARK PLZ,SANTA CLARA,CA,95054,"3970 RIVERMARK PLZ, SANTA CLARA, CA 95054",37.3947332,-121.9475997
ALBERTSONS/SAFEWAY SANTA CRUZ 170799,117 MORRISSEY BLVD,SANTA CRUZ,CA,95062,"117 MORRISSEY BLVD, SANTA CRUZ, CA 95062",36.9820967,-122.0075192
ALBERTSONS/SAFEWAY SANTA CRUZ 172607,2203 MISSION ST,SANTA CRUZ,CA,95060,"2203 MISSION ST, SANTA CRUZ, CA 95060",36.9617918,-122.0456399
ALBERTSONS/SAFEWAY SANTA ROSA 170713,100 CALISTOGA RD,SANTA ROSA,CA,95409,"100 CALISTOGA RD, SANTA ROSA, CA 95409",38.4656348,-122.6516221
ALBERTSONS/SAFEWAY SANTA ROSA 170956,1799 MARLOW RD,SANTA ROSA,CA,95401,"1799 MARLOW RD, SANTA ROSA, CA 95401",38.4520178,-122.7528343
ALBERTSONS/SAFEWAY SANTA ROSA 171265,2785 YULUPA AVE,SANTA ROSA,CA,95405,"2785 YULUPA AVE, SANTA ROSA, CA 95405",38.4257611,-122.6684837
ALBERTSONS/SAFEWAY SANTA ROSA 171562,2751 4TH ST,SANTA ROSA,CA,95405,"2751 4TH ST, SANTA ROSA, CA 95405",38.4507469,-122.6911923
ALBERTSONS/SAFEWAY SANTA ROSA 171576,2300 MENDOCINO AVE,SANTA ROSA,CA,95403,"2300 MENDOCINO AVE, SANTA ROSA, CA 95403",38.4635535,-122.7173537
ALBERTSONS/SAFEWAY SANTA ROSA 172457,1211 W COLLEGE AVE,SANTA ROSA,CA,95401,"1211 W COLLEGE AVE, SANTA ROSA, CA 95401",38.4463273,-122.7414687
ALBERTSONS/SAFEWAY SARATOGA 170919,12876 SARATOGA SUNNYVALE RD,SARATOGA,CA,95070,"12876 SARATOGA SUNNYVALE RD, SARATOGA, CA 95070",37.2812186,-122.0311194
ALBERTSONS/SAFEWAY SCOTTS VALLEY 170300,253 MOUNT HERMON RD,SCOTTS VALLEY,CA,95066,"253 MOUNT HERMON RD, SCOTTS VALLEY, CA 95066",37.0472422,-122.0314007
ALBERTSONS/SAFEWAY SEATTLE 173416,17171 BOTHELL WAY NE,SEATTLE,WA,98155,"17171 BOTHELL WAY NE, SEATTLE, WA 98155",,
ALBERTSONS/SAFEWAY SEATTLE 180423,7340 35TH AVE NE,SEATTLE,WA,98115,"7340 35TH AVE NE, SEATTLE, WA 98115",47.6825972,-122.2893962
ALBERTSONS/SAFEWAY SEATTLE 181062,4754 42ND AVE SW,SEATTLE,WA,98116,"4754 42ND AVE SW, SEATTLE, WA 98116",47.5596441,-122.3849439
ALBERTSONS/SAFEWAY SEATTLE 181477,1423 NW MARKET ST,SEATTLE,WA,98107,"1423 NW MARKET ST, SEATTLE, WA 98107",47.668346,-122.3742848
ALBERTSONS/SAFEWAY SEATTLE 181493,4011 S 164TH ST,SEATTLE,WA,98188,"4011 S 164TH ST, SEATTLE, WA 98188",47.4556881,-122.2824448
ALBERTSONS/SAFEWAY SEATTLE 181508,3820 RAINIER AVE S,SEATTLE,WA,98118,"3820 RAINIER AVE S, SEATTLE, WA 98118",47.5683323,-122.2880562
ALBERTSONS/SAFEWAY SEATTLE 181550,7300 ROOSEVELT WAY NE,SEATTLE,WA,98115,"7300 ROOSEVELT WAY NE, SEATTLE, WA 98115",47.6818402,-122.3169374
ALBERTSONS/SAFEWAY SEATTLE 181551,1410 E JOHN ST,SEATTLE,WA,98112,"1410 E JOHN ST, SEATTLE, WA 98112",47.620432,-122.3131575
ALBERTSONS/SAFEWAY SEATTLE 181586,12318 15TH AVE NE,SEATTLE,WA,98125,"12318 15TH AVE NE, SEATTLE, WA 98125",47.7180447,-122.3119641
ALBERTSONS/SAFEWAY SEATTLE 181923,9620 28TH AVE SW,SEATTLE,WA,98126,"9620 28TH AVE SW, SEATTLE, WA 98126",47.5166201,-122.366715
ALBERTSONS/SAFEWAY SEATTLE 181965,9262 RAINIER AVE S,SEATTLE,WA,98118,"9262 RAINIER AVE S, SEATTLE, WA 98118",47.5208461,-122.2694222
ALBERTSONS/SAFEWAY SEATTLE 181993,2201 E MADISON ST,SEATTLE,WA,98112,"2201 E MADISON ST, SEATTLE, WA 98112",47.6180059,-122.3036798
ALBERTSONS/SAFEWAY SEATTLE 182932,2622 CALIFORNIA AVE SW,SEATTLE,WA,98116,"2622 CALIFORNIA AVE SW, SEATTLE, WA 98116",47.5799847,-122.3860269
ALBERTSONS/SAFEWAY SEATTLE 182980,4732 BROOKLYN AVE NE,SEATTLE,WA,98105,"4732 BROOKLYN AVE NE, SEATTLE, WA 98105",47.6642286,-122.313887
ALBERTSONS/SAFEWAY SEATTLE 183275,2100 QUEEN ANNE AVE N,SEATTLE,WA,98109,"2100 QUEEN ANNE AVE N, SEATTLE, WA 98109",47.637562,-122.356814
ALBERTSONS/SAFEWAY SEBASTOPOL 170933,406 N MAIN ST,SEBASTOPOL,CA,95472,"406 N MAIN ST, SEBASTOPOL, CA 95472",38.4044482,-122.8271183
ALBERTSONS/SAFEWAY SEQUIM 181448,680 W WASHINGTON ST BLDG F,SEQUIM,WA,98382,"680 W WASHINGTON ST BLDG F, SEQUIM, WA 98382",,
ALBERTSONS/SAFEWAY SHELTON 180585,600 W FRANKLIN ST,SHELTON,WA,98584,"600 W FRANKLIN ST, SHELTON, WA 98584",47.214271,-123.106182
ALBERTSONS/SAFEWAY SHORELINE 180497,17202 15TH AVE NE,SHORELINE,WA,98155,"17202 15TH AVE NE, SHORELINE, WA 98155",47.7543852,-122.3127912
ALBERTSONS/SAFEWAY SHORELINE 573213,15332 AURORA AVE N,SHORELINE,WA,98133,"15332 AURORA AVE N, SHORELINE, WA 98133",47.7408454,-122.343637
ALBERTSONS/SAFEWAY SILVERDALE 181680,2890 NW BUCKLIN HILL RD,SILVERDALE,WA,98383,"2890 NW BUCKLIN HILL RD, SILVERDALE, WA 98383",47.6524602,-122.6904406
ALBERTSONS/SAFEWAY SNOHOMISH 173419,17520 STATE ROUTE 9 SE,SNOHOMISH,WA,98296,"17520 STATE ROUTE 9 SE, SNOHOMISH, WA 98296",,
ALBERTSONS/SAFEWAY SNOQUALIMIE 183613,34828 SE BOUGLAS STREET,SNOQUALIMIE,WA,98065,"34828 SE BOUGLAS STREET, SNOQUALIMIE, WA 98065",,
ALBERTSONS/SAFEWAY SOLDOTNA 251548,44428 STERLING SWY S,SOLDOTNA,AK,99669,"44428 STERLING SWY S, SOLDOTNA, AK 99669",,
ALBERTSONS/SAFEWAY SONOMA 170911,477 W NAPA ST,SONOMA,CA,95476,"477 W NAPA ST, SONOMA, CA 95476",38.2915744,-122.4675787
ALBERTSONS/SAFEWAY SONORA 173127,1291 SANGUINETTI RD,SONORA,CA,95370,"1291 SANGUINETTI RD, SONORA, CA 95370",37.9737519,-120.3620445
ALBERTSONS/SAFEWAY SOQUEL 171929,2720 41ST AVE,SOQUEL,CA,95073,"2720 41ST AVE, SOQUEL, CA 95073",36.9861004,-121.9632406
ALBERTSONS/SAFEWAY SOUTH LAKE TAHOE 171824,1020 JOHNSON BLVD,SOUTH LAKE TAHOE,CA,96150,"1020 JOHNSON BLVD, SOUTH LAKE TAHOE, CA 96150",38.944064,-119.9674164
ALBERTSONS/SAFEWAY SOUTH SAN FRANCISC 172740,190 EL CAMINO REAL,SOUTH SAN FRANCISC,CA,94080,"190 EL CAMINO REAL, SOUTH SAN FRANCISC, CA 94080",,
ALBERTSONS/SAFEWAY SPARKS 172656,2858 VISTA BLVD,SPARKS,NV,89434,"2858 VISTA BLVD, SPARKS, NV 89434",39.5555535,-119.7034863
ALBERTSONS/SAFEWAY SPOKANE 170206,9001 N INDIAN TRAIL RD,SPOKANE,WA,99208,"9001 N INDIAN TRAIL RD, SPOKANE, WA 99208",47.7396711,-117.4881562
ALBERTSONS/SAFEWAY SPOKANE 170256,6520 N NEVADA ST,SPOKANE,WA,99208,"6520 N NEVADA ST, SPOKANE, WA 99208",47.7170634,-117.3954649
ALBERTSONS/SAFEWAY SPOKANE 170258,13606 E 32ND AVE,SPOKANE,WA,99216,"13606 E 32ND AVE, SPOKANE, WA 99216",47.6260277,-117.2226032
ALBERTSONS/SAFEWAY SPOKANE 171268,3010 E 57TH AVE,SPOKANE,WA,99223,"3010 E 57TH AVE, SPOKANE, WA 99223",47.6008391,-117.3672452
ALBERTSONS/SAFEWAY SPOKANE 181242,2509 E 29TH AVE,SPOKANE,WA,99223,"2509 E 29TH AVE, SPOKANE, WA 99223",47.629541,-117.3746419
ALBERTSONS/SAFEWAY SPOKANE 181299,10100 N NEWPORT HWY,SPOKANE,WA,99218,"10100 N NEWPORT HWY, SPOKANE, WA 99218",47.7505303,-117.4000551
ALBERTSONS/SAFEWAY SPOKANE 181473,14020 E SPRAGUE AVE,SPOKANE,WA,99216,"14020 E SPRAGUE AVE, SPOKANE, WA 99216",47.6558581,-117.216133
ALBERTSONS/SAFEWAY SPOKANE 181494,2507 W WELLESLEY AVE,SPOKANE,WA,99205,"2507 W WELLESLEY AVE, SPOKANE, WA 99205",47.7006583,-117.4476764
ALBERTSONS/SAFEWAY SPOKANE 181799,3919 N MARKET ST,SPOKANE,WA,99207,"3919 N MARKET ST, SPOKANE, WA 99207",47.6942133,-117.3673292
ALBERTSONS/SAFEWAY SPOKANE 183248,902 W FRANCIS AVE,SPOKANE,WA,99205,"902 W FRANCIS AVE, SPOKANE, WA 99205",47.7159752,-117.4244906
ALBERTSONS/SAFEWAY SPOKANE 183255,EAST 933 MISSION AVENUE,SPOKANE,WA,99202,"EAST 933 MISSION AVENUE, SPOKANE, WA 99202",47.6722254,-117.3951001
ALBERTSONS/SAFEWAY ST. HELENA 172605,1026 HUNT AVE,ST. HELENA,CA,94574,"1026 HUNT AVE, ST. HELENA, CA 94574",38.5060563,-122.46814
ALBERTSONS/SAFEWAY STOCKTON 171769,2808 COUNTRY CLUB BLVD,STOCKTON,CA,95204,"2808 COUNTRY CLUB BLVD, STOCKTON, CA 95204",37.9634389,-121.3376977
ALBERTSONS/SAFEWAY STOCKTON 192707,6445 PACIFIC AVE,STOCKTON,CA,95207,"6445 PACIFIC AVE, STOCKTON, CA 95207",38.0085726,-121.3212546
ALBERTSONS/SAFEWAY SUNNYVALE 171196,639 S BERNARDO AVE,SUNNYVALE,CA,94087,"639 S BERNARDO AVE, SUNNYVALE, CA 94087",37.37267,-122.05733
ALBERTSONS/SAFEWAY SUNNYVALE 171439,785 E EL CAMINO REAL,SUNNYVALE,CA,94087,"785 E EL CAMINO REAL, SUNNYVALE, CA 94087",37.3574052,-122.0182037
ALBERTSONS/SAFEWAY SUNNYVALE 172887,150 E EL CAMINO REAL,SUNNYVALE,CA,94087,"150 E EL CAMINO REAL, SUNNYVALE, CA 94087",37.3681695,-122.033575
ALBERTSONS/SAFEWAY SUSANVILLE 171218,2970 MAIN ST,SUSANVILLE,CA,96130,"2970 MAIN ST, SUSANVILLE, CA 96130",40.4102582,-120.6360116
ALBERTSONS/SAFEWAY TACOMA 170493,104 MILITARY RD S,TACOMA,WA,98444,"104 MILITARY RD S, TACOMA, WA 98444",47.1175681,-122.4330818
ALBERTSONS/SAFEWAY TACOMA 173411,8611 STEILACOOM BLVD SW,TACOMA,WA,98498,"8611 STEILACOOM BLVD SW, TACOMA, WA 98498",,
ALBERTSONS/SAFEWAY TACOMA 180486,3842 BRIDGEPORT WAY W,TACOMA,WA,98466,"3842 BRIDGEPORT WAY W, TACOMA, WA 98466",,
ALBERTSONS/SAFEWAY TACOMA 181436,1624 72ND ST E,TACOMA,WA,98404,"1624 72ND ST E, TACOMA, WA 98404",47.1901651,-122.4070629
ALBERTSONS/SAFEWAY TACOMA 181437,1302 S 38TH ST,TACOMA,WA,98418,"1302 S 38TH ST, TACOMA, WA 98418",47.2222242,-122.4514662
ALBERTSONS/SAFEWAY TACOMA 181978,2637 N PEARL ST,TACOMA,WA,98407,"2637 N PEARL ST, TACOMA, WA 98407",47.2726985,-122.5137968
ALBERTSONS/SAFEWAY TACOMA 183305,15805 PACIFIC AVE S,TACOMA,WA,98444,"15805 PACIFIC AVE S, TACOMA, WA 98444",47.1130214,-122.4323248
ALBERTSONS/SAFEWAY TACOMA 183424,2411 N PROCTOR ST,TACOMA,WA,98406,"2411 N PROCTOR ST, TACOMA, WA 98406",47.269571,-122.4881135
ALBERTSONS/SAFEWAY TOPPENISH 180584,711 W 1ST AVE,TOPPENISH,WA,98948,"711 W 1ST AVE, TOPPENISH, WA 98948",46.3764062,-120.3215209
ALBERTSONS/SAFEWAY TRACY 172600,1801 W 11TH ST,TRACY,CA,95376,"1801 W 11TH ST, TRACY, CA 95376",37.739658,-121.4461333
ALBERTSONS/SAFEWAY TRUCKEE 171266,11290 DONNER PASS RD,TRUCKEE,CA,96161,"11290 DONNER PASS RD, TRUCKEE, CA 96161",39.3274276,-120.2073984
ALBERTSONS/SAFEWAY TUMWATER 171407,705 TROSPER RD SW,TUMWATER,WA,98512,"705 TROSPER RD SW, TUMWATER, WA 98512",46.9984568,-122.9175802
ALBERTSONS/SAFEWAY TUMWATER 181503,500 CLEVELAND AVE SE,TUMWATER,WA,98501,"500 CLEVELAND AVE SE, TUMWATER, WA 98501",47.0169081,-122.898539
ALBERTSONS/SAFEWAY TURLOCK 171968,3051 COUNTRYSIDE DR,TURLOCK,CA,95380,"3051 COUNTRYSIDE DR, TURLOCK, CA 95380",37.5209149,-120.8835365
ALBERTSONS/SAFEWAY UKIAH 171583,653 S STATE ST,UKIAH,CA,95482,"653 S STATE ST, UKIAH, CA 95482",39.1445382,-123.2059802
ALBERTSONS/SAFEWAY UNION CITY 171197,1790 DECOTO RD,UNION CITY,CA,94587,"1790 DECOTO RD, UNION CITY, CA 94587",37.5877404,-122.019424
ALBERTSONS/SAFEWAY VACAVILLE 171109,2090 HARBISON DR,VACAVILLE,CA,95687,"2090 HARBISON DR, VACAVILLE, CA 95687",38.3609892,-121.9634869
ALBERTSONS/SAFEWAY VALLEJO 170968,709 LINCOLN RD W,VALLEJO,CA,94590,"709 LINCOLN RD W, VALLEJO, CA 94590",38.098941,-122.2305839
ALBERTSONS/SAFEWAY VALLEJO 171631,122 ROBLES WAY,VALLEJO,CA,94591,"122 ROBLES WAY, VALLEJO, CA 94591",38.0844973,-122.2102302
ALBERTSONS/SAFEWAY WAILUKU 283092,58 MAUI LANI PKWY,WAILUKU,HI,96793,"58 MAUI LANI PKWY, WAILUKU, HI 96793",20.887514,-156.4929871
ALBERTSONS/SAFEWAY WAIPAHU 280275,94-809 LUMIANINA ST,WAIPAHU,HI,96797,"94-809 LUMIANINA ST, WAIPAHU, HI 96797",,
ALBERTSONS/SAFEWAY WALNUT CREEK 170697,1972 TICE VALLEY BLVD,WALNUT CREEK,CA,94595,"1972 TICE VALLEY BLVD, WALNUT CREEK, CA 94595",37.8783925,-122.0719031
ALBERTSONS/SAFEWAY WALNUT CREEK 170917,600 S BROADWAY,WALNUT CREEK,CA,94596,"600 S BROADWAY, WALNUT CREEK, CA 94596",37.897883,-122.058011
ALBERTSONS/SAFEWAY WALNUT CREEK 170936,710 BANCROFT RD,WALNUT CREEK,CA,94598,"710 BANCROFT RD, WALNUT CREEK, CA 94598",37.9282561,-122.0392822
ALBERTSONS/SAFEWAY WALNUT CREEK 173026,2800 YGNACIO VALLEY RD,WALNUT CREEK,CA,94598,"2800 YGNACIO VALLEY RD, WALNUT CREEK, CA 94598",37.9272435,-122.0184678
ALBERTSONS/SAFEWAY WENATCHEE 173412,1128 N MILLER ST,WENATCHEE,WA,98801,"1128 N MILLER ST, WENATCHEE, WA 98801",47.4378573,-120.3259862
ALBERTSONS/SAFEWAY WENATCHEE 181449,501 N MILLER ST,WENATCHEE,WA,98801,"501 N MILLER ST, WENATCHEE, WA 98801",47.4313122,-120.3241103
ALBERTSONS/SAFEWAY WILLITS 170965,845 S MAIN ST,WILLITS,CA,95490,"845 S MAIN ST, WILLITS, CA 95490",39.4034975,-123.3497571
ALBERTSONS/SAFEWAY WINDSOR 171434,9080 BROOKS RD S,WINDSOR,CA,95492,"9080 BROOKS RD S, WINDSOR, CA 95492",38.5517658,-122.8062641
ALBERTSONS/SAFEWAY WOODINVILLE 180533,19150 NE WOODINVILLE DUVALL RD,WOODINVILLE,WA,98077,"19150 NE WOODINVILLE DUVALL RD, WOODINVILLE, WA 98077",47.7564091,-122.081447
ALBERTSONS/SAFEWAY YAKIMA 170149,1610 W LINCOLN AVE,YAKIMA,WA,98902,"1610 W LINCOLN AVE, YAKIMA, WA 98902",46.6025338,-120.5323251
ALBERTSONS/SAFEWAY YAKIMA 180462,205 N 5TH AVE,YAKIMA,WA,98902,"205 N 5TH AVE, YAKIMA, WA 98902",46.603208,-120.5160232
ALBERTSONS/SAFEWAY YAKIMA 180502,5702 SUMMITVIEW AVE,YAKIMA,WA,98908,"5702 SUMMITVIEW AVE, YAKIMA, WA 98908",46.5989284,-120.5849726
ALBERTSONS/SAFEWAY YAKIMA 181235,2204 W NOB HILL BLVD STE A,YAKIMA,WA,98902,"2204 W NOB HILL BLVD STE A, YAKIMA, WA 98902",,
ALBERTSONS/SAFEWAY YAKIMA 181660,905 E MEAD AVE,YAKIMA,WA,98903,"905 E MEAD AVE, YAKIMA, WA 98903",46.5783815,-120.4887619
ALBERTSONS/SAFEWAY YELM 181619,1109 YELM AVE E,YELM,WA,98597,"1109 YELM AVE E, YELM, WA 98597",46.9337147,-122.5939876
ALBERTSONS/SAFEWAY ZEPHYR COVE 171537,212 ELKS POINT RD,ZEPHYR COVE,NV,89448,"212 ELKS POINT RD, ZEPHYR COVE, NV 89448",38.9891062,-119.9401541
ANDRONICO'S BERKELEY 172451,1850 SOLANO AVE,BERKELEY,CA,94707,"1850 SOLANO AVE, BERKELEY, CA 94707",37.891115,-122.2784796
ANDRONICO'S BERKELEY 172453,1550 SHATTUCK AVE,BERKELEY,CA,94709,"1550 SHATTUCK AVE, BERKELEY, CA 94709",37.8787801,-122.269968
ANDRONICO'S LOS ALTOS 172454,690 FREMONT AVE,LOS ALTOS,CA,94024,"690 FREMONT AVE, LOS ALTOS, CA 94024",37.3607935,-122.0968991
ANDRONICO'S MONTEREY 170173,900 LIGHTHOUSE AVE,MONTEREY,CA,93940,"900 LIGHTHOUSE AVE, MONTEREY, CA 93940",36.624941,-121.925797
ANDRONICO'S SAN ANSELMO 172455,100 CENTER BLVD,SAN ANSELMO,CA,94960,"100 CENTER BLVD, SAN ANSELMO, CA 94960",37.9766251,-122.5626332
ANDRONICO'S SAN FRANCISCO 172452,1200 IRVING ST,SAN FRANCISCO,CA,94122,"1200 IRVING ST, SAN FRANCISCO, CA 94122",37.7640893,-122.4711666
ANDRONICO'S SAN FRANCISCO 173066,375 32ND AVE,SAN FRANCISCO,CA,94121,"375 32ND AVE, SAN FRANCISCO, CA 94121",37.782188,-122.4930572
ASG LINCOLN MARKET BROOKLYN 159547,210 CLARKSON AVE,BROOKLYN,NY,11226,"210 CLARKSON AVE, BROOKLYN, NY 11226",40.6547971,-73.9525194
"ASG, ALL OTHER NEW YORK 159378",3786 BROADWAY,NEW YORK,NY,10032,"3786 BROADWAY, NEW YORK, NY 10032",40.8342024,-73.9444536
AUSTIN ORGANIC MARKET INFRA FOREST HILLS 647727,72-48 AUSTIN STREET,FOREST HILLS,NY,11375,"72-48 AUSTIN STREET, FOREST HILLS, NY 11375",40.7185512,-73.8411501
"AWG, ALL OTHER KANSAS CITY 631536",207 NE ENGLEWOOD RD,KANSAS CITY,MO,64118,"207 NE ENGLEWOOD RD, KANSAS CITY, MO 64118",39.1948739,-94.5802719
"AWG, ALL OTHER PLEASANT VIEW 430168",2498 HIGHWAY 49 E,PLEASANT VIEW,TN,37146,"2498 HIGHWAY 49 E, PLEASANT VIEW, TN 37146",,
BALDUCCI'S ALEXANDRIA 343601,600 FRANKLIN ST,ALEXANDRIA,VA,22314,"600 FRANKLIN ST, ALEXANDRIA, VA 22314",38.797984,-77.047467
BALDUCCI'S BETHESDA 343602,10323 OLD GEORGETOWN RD,BETHESDA,MD,20814,"10323 OLD GEORGETOWN RD, BETHESDA, MD 20814",39.0233669,-77.1244765
BALDUCCI'S MCLEAN 343606,6655 OLD DOMINION DR,MCLEAN,VA,22101,"6655 OLD DOMINION DR, MCLEAN, VA 22101",38.9310328,-77.1747222
BALDUCCI'S RIVERSIDE 343603,1050 E PUTNAM AVE,RIVERSIDE,CT,68781,"1050 E PUTNAM AVE, RIVERSIDE, CT 68781",41.0415582,-73.5867576
BALDUCCI'S RYE BROOK 343607,144 S RIDGE ST,RYE BROOK,NY,10573,"144 S RIDGE ST, RYE BROOK, NY 10573",41.002895,-73.6820192
BALDUCCI'S SCARSDALE 343609,15 PALMER AVE,SCARSDALE,NY,10583,"15 PALMER AVE, SCARSDALE, NY 10583",40.9851774,-73.7749179
BERKELEY BOWL BERKELEY 75028,920 HEINZ AVE,BERKELEY,CA,94710,"920 HEINZ AVE, BERKELEY, CA 94710",37.8534035,-122.2903616
BERKELEY BOWL BERKELEY 75184,2020 OREGON ST,BERKELEY,CA,94703,"2020 OREGON ST, BERKELEY, CA 94703",37.8569564,-122.2672508
BERKELEY BOWL BERKELEY 75515,2020 OREGON ST,BERKELEY,CA,94703,"2020 OREGON ST, BERKELEY, CA 94703",37.8569564,-122.2672508
BETTER HEALTH GROSSE POINTE 328562,19221 MACK AVE,GROSSE POINTE,MI,48236,"19221 MACK AVE, GROSSE POINTE, MI 48236",42.4188997,-82.9101744
BETTER HEALTH INFRA ANN ARBOR 32879,3500 WASHTENAW AVE,ANN ARBOR,MI,48104,"3500 WASHTENAW AVE, ANN ARBOR, MI 48104",42.2549944,-83.6904596
BETTER HEALTH INFRA BEVERLY HILLS 42876,17696 W 13 MILE RD,BEVERLY HILLS,MI,48025,"17696 W 13 MILE RD, BEVERLY HILLS, MI 48025",42.5162127,-83.25946
BETTER HEALTH INFRA BLOOMFIELD HILLS 260599,2053 S TELEGRAPH RD,BLOOMFIELD HILLS,MI,48302,"2053 S TELEGRAPH RD, BLOOMFIELD HILLS, MI 48302",42.6098839,-83.3006648
BETTER HEALTH INFRA DEARBORN 32878,22250 MICHIGAN AVE,DEARBORN,MI,48124,"22250 MICHIGAN AVE, DEARBORN, MI 48124",42.305389,-83.2491115
BETTER HEALTH INFRA LANSING 28375,6235 W SAGINAW HWY,LANSING,MI,48917,"6235 W SAGINAW HWY, LANSING, MI 48917",42.7410546,-84.9608978
BETTER HEALTH INFRA NOVI 58375,42875 GRAND RIVER AVE,NOVI,MI,48375,"42875 GRAND RIVER AVE, NOVI, MI 48375",42.478064,-83.4683812
BETTER HEALTH INFRA PLYMOUTH 9502,44427 ANN ARBOR RD W STE E,PLYMOUTH,MI,48170,"44427 ANN ARBOR RD W STE E, PLYMOUTH, MI 48170",,
BETTER HEALTH INFRA SHELBY TOWNSHIP 260865,14105 HALL RD,SHELBY TOWNSHIP,MI,48315,"14105 HALL RD, SHELBY TOWNSHIP, MI 48315",42.6275923,-82.9871409
BETTER HEALTH INFRA SOUTHGATE 260011,17825 EUREKA RD,SOUTHGATE,MI,48195,"17825 EUREKA RD, SOUTHGATE, MI 48195",42.1981984,-83.2217846
BETTER HEALTH INFRA STERLING HEIGHTS 32880,33452 VAN DYKE AVE,STERLING HEIGHTS,MI,48312,"33452 VAN DYKE AVE, STERLING HEIGHTS, MI 48312",42.5402239,-83.0283763
BETTER HEALTH INFRA TOLEDO 68376,3344 SECOR RD,TOLEDO,OH,43606,"3344 SECOR RD, TOLEDO, OH 43606",41.6814323,-83.6227033
BETTER HEALTH LANSING 38371,305 N CLIPPERT ST,LANSING,MI,48912,"305 N CLIPPERT ST, LANSING, MI 48912",42.7361784,-84.5084438
BETTER HEALTH NOVI 58375,42875 GRAND RIVER AVE,NOVI,MI,48375,"42875 GRAND RIVER AVE, NOVI, MI 48375",42.478064,-83.4683812
BETTER HEALTH SHELBY TOWNSHIP 260865,14105 HALL RD,SHELBY TOWNSHIP,MI,48315,"14105 HALL RD, SHELBY TOWNSHIP, MI 48315",42.6275923,-82.9871409
BONEYS BAYSIDE MK CORONADO 54007,155 ORANGE AVE,CORONADO,CA,92118,"155 ORANGE AVE, CORONADO, CA 92118",32.6980063,-117.1728569
BONEYS BAYSIDE MK CORONADO 54023,155 ORANGE AVE,CORONADO,CA,92118,"155 ORANGE AVE, CORONADO, CA 92118",32.6980063,-117.1728569
BONNE SANTE-CHICAGO HEALTH CHICAGO 160466,22 W MAPLE ST,CHICAGO,IL,60610,"22 W MAPLE ST, CHICAGO, IL 60610",41.9019956,-87.6291884
BONTERRA MARKET EGG HARBOR TOWNSHI 148795,3112 FIRE RD,EGG HARBOR TOWNSHI,NJ,82345,"3112 FIRE RD, EGG HARBOR TOWNSHI, NJ 82345",,
BROOKSHIRE BROTHERS WIMBERLEY 22650,14100 RANCH ROAD 12,WIMBERLEY,TX,78676,"14100 RANCH ROAD 12, WIMBERLEY, TX 78676",29.9998698,-98.0993207
CHURCHILLS MARKET MAUMEE 332436,3320 BRIARFIELD BLVD,MAUMEE,OH,43537,"3320 BRIARFIELD BLVD, MAUMEE, OH 43537",,
CLOVERS NATURAL FOODS COLUMBIA 76040,2100 CHAPEL PLAZA CT,COLUMBIA,MO,65203,"2100 CHAPEL PLAZA CT, COLUMBIA, MO 65203",38.9289808,-92.3640695
CO-OP MARKET SANTA MONICA SANTA MONICA 400001,1525 BROADWAY,SANTA MONICA,CA,90404,"1525 BROADWAY, SANTA MONICA, CA 90404",34.0243189,-118.4827547
DECICCO & SONS ARDSLEY 105706,21 CENTER ST,ARDSLEY,NY,10502,"21 CENTER ST, ARDSLEY, NY 10502",41.0124161,-73.845234
DECICCO & SONS ARMONK 105717,17 MAPLE AVE,ARMONK,NY,10504,"17 MAPLE AVE, ARMONK, NY 10504",41.126549,-73.7134001
DECICCO & SONS BREWSTER 105708,50 INDEPENDENT WAY,BREWSTER,NY,10509,"50 INDEPENDENT WAY, BREWSTER, NY 10509",41.4189604,-73.6283226
DECICCO & SONS GREENWICH 105831,21 GLENVILLE ST,GREENWICH,CT,6831,"21 GLENVILLE ST, GREENWICH, CT 6831",41.0396037,-73.6670339
DECICCO & SONS HARRISON 105709,7 HALSTEAD AVE,HARRISON,NY,10528,"7 HALSTEAD AVE, HARRISON, NY 10528",40.9618386,-73.7231611
DECICCO & SONS LARCHMONT 105719,2141 PALMER AVE,LARCHMONT,NY,10538,"2141 PALMER AVE, LARCHMONT, NY 10538",40.9284459,-73.7647272
DECICCO & SONS MILLWOOD 105731,230 SAW MILL RIVER RD,MILLWOOD,NY,10546,"230 SAW MILL RIVER RD, MILLWOOD, NY 10546",41.1876807,-73.8021753
DECICCO & SONS PELHAM 105705,43 FIFTH AVE,PELHAM,NY,10803,"43 FIFTH AVE, PELHAM, NY 10803",40.9121043,-73.8096062
DECICCO & SONS SCARSDALE 105733,777 POST RD,SCARSDALE,NY,10583,"777 POST RD, SCARSDALE, NY 10583",40.9747161,-73.8038895
DECICCO & SONS SLEEPY HOLLOW 105735,1 LEGEND DRIVE,SLEEPY HOLLOW,NY,10591,"1 LEGEND DRIVE, SLEEPY HOLLOW, NY 10591",41.0825392,-73.8690728
DECICCO & SONS SOMERS 105732,266 ROUTE 202,SOMERS,NY,10589,"266 ROUTE 202, SOMERS, NY 10589",,
EDGE OF THE WOODS NEW HAVEN 1606,379 WHALLEY AVE,NEW HAVEN,CT,65113,"379 WHALLEY AVE, NEW HAVEN, CT 65113",41.3181154,-72.9453367
FB ORGANICS CORTEZ 809517,1 W MAIN ST,CORTEZ,CO,81321,"1 W MAIN ST, CORTEZ, CO 81321",37.3483533,-108.585413
FINKELSTEIN AND ROSS LLC BROOKLYN 149939,485 COURT ST,BROOKLYN,NY,11231,"485 COURT ST, BROOKLYN, NY 11231",40.6762085,-73.9986125
FOXTROT DALLAS 152888,3130 KNOX ST,DALLAS,TX,75205,"3130 KNOX ST, DALLAS, TX 75205",32.8233456,-96.7885519
FOXTROT DALLAS 152889,6565 HILLCREST AVE,DALLAS,TX,75205,"6565 HILLCREST AVE, DALLAS, TX 75205",32.8463205,-96.7879256
FRAZIER FARMS INFRA OCEANSIDE 410688,1820 OCEANSIDE BLVD,OCEANSIDE,CA,92054,"1820 OCEANSIDE BLVD, OCEANSIDE, CA 92054",33.1936453,-117.3588372
FRAZIER FARMS LA MESA 410689,8401 FLETCHER PKWY,LA MESA,CA,91942,"8401 FLETCHER PKWY, LA MESA, CA 91942",32.7783307,-117.0164618
FRAZIER FARMS VISTA 410778,225 VISTA VILLAGE DR,VISTA,CA,92083,"225 VISTA VILLAGE DR, VISTA, CA 92083",33.197522,-117.246014
FRESH THYME APPLE VALLEY 485502,14880 FLORENCE TRL,APPLE VALLEY,MN,55124,"14880 FLORENCE TRL, APPLE VALLEY, MN 55124",44.7346537,-93.2055627
FRESH THYME ASHWAUBENON 485707,2767 S ONEIDA ST,ASHWAUBENON,WI,54304,"2767 S ONEIDA ST, ASHWAUBENON, WI 54304",44.4736567,-88.0717317
FRESH THYME BEAVERCREEK 485302,2850 CENTRE DR,BEAVERCREEK,OH,45324,"2850 CENTRE DR, BEAVERCREEK, OH 45324",39.7726373,-84.0465248
FRESH THYME BLOOMINGTON 485110,403 N VETERANS PKWY STE 2,BLOOMINGTON,IL,61704,"403 N VETERANS PKWY STE 2, BLOOMINGTON, IL 61704",,
FRESH THYME BLOOMINGTON 485209,3600 W 3RD ST,BLOOMINGTON,IN,47404,"3600 W 3RD ST, BLOOMINGTON, IN 47404",39.1660613,-86.57955
FRESH THYME BLOOMINGTON 485215,2812 E 3RD ST,BLOOMINGTON,IN,47401,"2812 E 3RD ST, BLOOMINGTON, IN 47401",39.1632822,-86.495995
FRESH THYME BLOOMINGTON 485501,2299 AMERICAN BLVD WEST,BLOOMINGTON,MN,55431,"2299 AMERICAN BLVD WEST, BLOOMINGTON, MN 55431",44.858733,-93.308478
FRESH THYME BRIDGEVILLE 485451,1155 WASHINGTON PIKE,BRIDGEVILLE,PA,15017,"1155 WASHINGTON PIKE, BRIDGEVILLE, PA 15017",40.3674059,-80.1056794
FRESH THYME BROOKFIELD 485702,17300 W BLUEMOUND RD,BROOKFIELD,WI,53045,"17300 W BLUEMOUND RD, BROOKFIELD, WI 53045",43.0377482,-88.1280606
FRESH THYME CANTON 485609,43450 FORD RD,CANTON,MI,48187,"43450 FORD RD, CANTON, MI 48187",42.3232453,-83.4618868
FRESH THYME CARMEL 485207,3400 E 146TH ST,CARMEL,IN,46033,"3400 E 146TH ST, CARMEL, IN 46033",40.0000954,-86.1072248
FRESH THYME CHICAGO 485107,2500 N ELSTON AVE,CHICAGO,IL,60647,"2500 N ELSTON AVE, CHICAGO, IL 60647",41.9265556,-87.681157
FRESH THYME CINCINNATI 485304,11349 MONTGOMERY RD,CINCINNATI,OH,45249,"11349 MONTGOMERY RD, CINCINNATI, OH 45249",39.2722882,-84.3308274
FRESH THYME COLUMBUS 485301,6700 SAWMILL RD,COLUMBUS,OH,43235,"6700 SAWMILL RD, COLUMBUS, OH 43235",40.1041713,-83.0905422
FRESH THYME CRANBERRY TOWNSHIP 485453,1717 ROUTE 228 STE E,CRANBERRY TOWNSHIP,PA,16066,"1717 ROUTE 228 STE E, CRANBERRY TOWNSHIP, PA 16066",,
FRESH THYME CRYSTAL LAKE 485109,5340 NORTHWEST HWY,CRYSTAL LAKE,IL,60014,"5340 NORTHWEST HWY, CRYSTAL LAKE, IL 60014",42.229,-88.3024353
FRESH THYME DAVENPORT 485952,2130 E KIMBERLY RD,DAVENPORT,IA,52807,"2130 E KIMBERLY RD, DAVENPORT, IA 52807",41.5585026,-90.5464334
FRESH THYME DOWNERS GROVE 485104,321 OGDEN AVE,DOWNERS GROVE,IL,60515,"321 OGDEN AVE, DOWNERS GROVE, IL 60515",41.8095078,-87.993627
FRESH THYME EAST LANSING 485601,940 TROWBRIDGE RD,EAST LANSING,MI,48823,"940 TROWBRIDGE RD, EAST LANSING, MI 48823",42.7199303,-84.4949957
FRESH THYME EVANSVILLE 485213,835 N BURKHARDT RD,EVANSVILLE,IN,47715,"835 N BURKHARDT RD, EVANSVILLE, IN 47715",37.984347,-87.4741096
FRESH THYME FAIRVIEW HEIGHTS 485103,6569 N ILLINOIS ST,FAIRVIEW HEIGHTS,IL,62208,"6569 N ILLINOIS ST, FAIRVIEW HEIGHTS, IL 62208",38.5942692,-89.9872592
FRESH THYME FARMINGTON 485605,23300 FARMINGTON RD,FARMINGTON,MI,48336,"23300 FARMINGTON RD, FARMINGTON, MI 48336",42.46248,-83.376224
FRESH THYME FISHERS 485206,11481 E 116TH ST,FISHERS,IN,46037,"11481 E 116TH ST, FISHERS, IN 46037",39.9568569,-85.9606664
FRESH THYME FT WAYNE 485203,4310 COLDWATER RD,FT WAYNE,IN,46805,"4310 COLDWATER RD, FT WAYNE, IN 46805",41.1171853,-85.1342043
FRESH THYME GAHANNA 485310,1125 N HAMILTON RD,GAHANNA,OH,43230,"1125 N HAMILTON RD, GAHANNA, OH 43230",40.0487725,-82.8657067
FRESH THYME GENEVA 485113,2000 S RANDALL RD,GENEVA,IL,60134,"2000 S RANDALL RD, GENEVA, IL 60134",41.8665009,-88.3429961
FRESH THYME GRAND RAPIDS 485606,2500 BURTON ST SE,GRAND RAPIDS,MI,49546,"2500 BURTON ST SE, GRAND RAPIDS, MI 49546",42.9270358,-85.6074226
FRESH THYME GREENFIELD 485705,8680 W SURA LN,GREENFIELD,WI,53228,"8680 W SURA LN, GREENFIELD, WI 53228",42.9612925,-88.0210354
FRESH THYME INDIANAPOLIS 485201,8750 US 31,INDIANAPOLIS,IN,46227,"8750 US 31, INDIANAPOLIS, IN 46227",39.6385978,-86.130832
FRESH THYME INDIANAPOLIS 485204,4225 E 82ND ST,INDIANAPOLIS,IN,46250,"4225 E 82ND ST, INDIANAPOLIS, IN 46250",39.9063614,-86.0950892
FRESH THYME INDIANAPOLIS 485205,2342 W 86TH ST,INDIANAPOLIS,IN,46260,"2342 W 86TH ST, INDIANAPOLIS, IN 46260",39.9134105,-86.2020041
FRESH THYME INDIANAPOLIS 485208,6301 N COLLEGE AVE # 101,INDIANAPOLIS,IN,46220,"6301 N COLLEGE AVE # 101, INDIANAPOLIS, IN 46220",,
FRESH THYME INDIANAPOLIS 485211,9040 ROCKVILLE RD,INDIANAPOLIS,IN,46234,"9040 ROCKVILLE RD, INDIANAPOLIS, IN 46234",39.7639283,-86.3212353
FRESH THYME JOLIET 485106,2700 PLAINFIELD RD STE C,JOLIET,IL,60435,"2700 PLAINFIELD RD STE C, JOLIET, IL 60435",,
FRESH THYME KENOSHA 485704,7100 GREEN BAY RD,KENOSHA,WI,53142,"7100 GREEN BAY RD, KENOSHA, WI 53142",42.5705137,-87.8864405
FRESH THYME KIRKWOOD 485401,1018 N KIRKWOOD RD,KIRKWOOD,MO,63122,"1018 N KIRKWOOD RD, KIRKWOOD, MO 63122",38.5998472,-90.4052019
FRESH THYME LAFAYETE 485202,220 S CREASY LN,LAFAYETE,IN,47905,"220 S CREASY LN, LAFAYETE, IN 47905",,
FRESH THYME MAYFIELD HEIGHTS 485307,1545 GOLDEN GATE PLZ,MAYFIELD HEIGHTS,OH,44124,"1545 GOLDEN GATE PLZ, MAYFIELD HEIGHTS, OH 44124",41.518178,-81.4488092
FRESH THYME MILWAUKEE 485701,1619 N WATER ST,MILWAUKEE,WI,53202,"1619 N WATER ST, MILWAUKEE, WI 53202",43.0513656,-87.9060619
FRESH THYME MINNEAPOLIS 485505,4840 EXCELSIOR BLVD,MINNEAPOLIS,MN,55416,"4840 EXCELSIOR BLVD, MINNEAPOLIS, MN 55416",44.9434919,-93.3253458
FRESH THYME MINNEAPOLIS 485510,24 30TH AVE SE,MINNEAPOLIS,MN,55414,"24 30TH AVE SE, MINNEAPOLIS, MN 55414",44.9711026,-93.2138487
FRESH THYME MUNCIE 485214,505 W MCGALLIARD RD,MUNCIE,IN,47303,"505 W MCGALLIARD RD, MUNCIE, IN 47303",40.218884,-85.3914819
FRESH THYME NAPERVILLE 485105,790 ROYAL SAINT GEORGE DR,NAPERVILLE,IL,60563,"790 ROYAL SAINT GEORGE DR, NAPERVILLE, IL 60563",41.7837655,-88.1633231
FRESH THYME NEWPORT 485801,82A CAROTHERS RD,NEWPORT,KY,41071,"82A CAROTHERS RD, NEWPORT, KY 41071",39.0859324,-84.479421
FRESH THYME NORTH CANTON 485313,5509 DRESSLER RD NW,NORTH CANTON,OH,44720,"5509 DRESSLER RD NW, NORTH CANTON, OH 44720",40.8614505,-81.434982
FRESH THYME NORTHVILLE 485602,15480 SHELDON RD,NORTHVILLE,MI,48168,"15480 SHELDON RD, NORTHVILLE, MI 48168",42.3974298,-83.480431
FRESH THYME O'FALLON 485403,2255 HIGHWAY K,O'FALLON,MO,63368,"2255 HIGHWAY K, O'FALLON, MO 63368",38.7671223,-90.7001138
FRESH THYME PLEASANT HILLS 485452,665 CLAIRTON BLVD,PLEASANT HILLS,PA,15236,"665 CLAIRTON BLVD, PLEASANT HILLS, PA 15236",40.3309647,-79.9454508
FRESH THYME PLYMOUTH 485508,15760 32ND AVE N,PLYMOUTH,MN,55447,"15760 32ND AVE N, PLYMOUTH, MN 55447",45.0174846,-93.4800432
FRESH THYME PORTAGE 485607,6212 S WESTNEDGE AVE,PORTAGE,MI,49002,"6212 S WESTNEDGE AVE, PORTAGE, MI 49002",42.2265622,-85.589615
FRESH THYME RIVER FOREST 485108,7501 NORTH AVE,RIVER FOREST,IL,60305,"7501 NORTH AVE, RIVER FOREST, IL 60305",41.9084424,-87.8127632
FRESH THYME ROCHESTER 485512,40 17TH AVE SW,ROCHESTER,MN,55902,"40 17TH AVE SW, ROCHESTER, MN 55902",44.0230403,-92.4874199
FRESH THYME ROCHESTER HILLS 485604,2025 S ROCHESTER RD,ROCHESTER HILLS,MI,48307,"2025 S ROCHESTER RD, ROCHESTER HILLS, MI 48307",42.6510485,-83.1305789
FRESH THYME SAINT LOUIS 485408,3701 FOUNDRY WAY STE 201,SAINT LOUIS,MO,63110,"3701 FOUNDRY WAY STE 201, SAINT LOUIS, MO 63110",,
FRESH THYME SAVAGE 485506,14100 HIGHWAY 13 S,SAVAGE,MN,55378,"14100 HIGHWAY 13 S, SAVAGE, MN 55378",44.7487015,-93.3795595
FRESH THYME ST LOUIS 485405,9920 LIN FERRY DR,ST LOUIS,MO,63123,"9920 LIN FERRY DR, ST LOUIS, MO 63123",38.5238217,-90.3526157
FRESH THYME ST PETERS 485406,3600 S SAINT PETERS PKWY,ST PETERS,MO,63304,"3600 S SAINT PETERS PKWY, ST PETERS, MO 63304",38.7466231,-90.5846841
FRESH THYME TERRE HAUTE 485212,4428 S US HIGHWAY 41,TERRE HAUTE,IN,47802,"4428 S US HIGHWAY 41, TERRE HAUTE, IN 47802",,
FRESH THYME TOLEDO 485312,5105 MONROE ST,TOLEDO,OH,43623,"5105 MONROE ST, TOLEDO, OH 43623",41.6998988,-83.6471951
FRESH THYME TOWN AND COUNTRY 485402,13957 MANCHESTER BLVD,TOWN AND COUNTRY,MO,63011,"13957 MANCHESTER BLVD, TOWN AND COUNTRY, MO 63011",,
FRESH THYME TROY 485603,901 E BIG BEAVER RD,TROY,MI,48083,"901 E BIG BEAVER RD, TROY, MI 48083",42.5627241,-83.1306714
FRESH THYME VADNAIS HEIGHTS 485507,955 COUNTY ROAD E E,VADNAIS HEIGHTS,MN,55127,"955 COUNTY ROAD E E, VADNAIS HEIGHTS, MN 55127",45.0524801,-93.0619338
FRESH THYME WAITE PARK 485511,40 2ND ST S,WAITE PARK,MN,56387,"40 2ND ST S, WAITE PARK, MN 56387",45.5486619,-94.215075
FRESH THYME WEST DES MOINES 485951,2900 UNIVERSITY AVE,WEST DES MOINES,IA,50266,"2900 UNIVERSITY AVE, WEST DES MOINES, IA 50266",41.5989914,-93.7443234
FRESH THYME WEST LAFAYETTE 485216,2410 N SALISBURY ST # 100,WEST LAFAYETTE,IN,47906,"2410 N SALISBURY ST # 100, WEST LAFAYETTE, IN 47906",,
FRESH THYME WESTERVILLE 485309,849 POLARIS PKWY,WESTERVILLE,OH,43082,"849 POLARIS PKWY, WESTERVILLE, OH 43082",40.1459088,-82.957347
FRESH THYME WESTLAKE 485311,30016 DETROIT RD,WESTLAKE,OH,44145,"30016 DETROIT RD, WESTLAKE, OH 44145",41.4658141,-81.9526016
FRESH THYME WORTHINGTON 485306,933 HIGH ST,WORTHINGTON,OH,43085,"933 HIGH ST, WORTHINGTON, OH 43085",40.0935634,-83.0179048
FRESH THYME YPSILANTI 485608,2985 WASHTENAW RD,YPSILANTI,MI,48197,"2985 WASHTENAW RD, YPSILANTI, MI 48197",,
FRUITFUL YIELD BATAVIA 260444,155 N RANDALL RD,BATAVIA,IL,60510,"155 N RANDALL RD, BATAVIA, IL 60510",41.8531183,-88.3405899
FRUITFUL YIELD BLOOMINGDALE 7893,366 W ARMY TRAIL RD,BLOOMINGDALE,IL,60108,"366 W ARMY TRAIL RD, BLOOMINGDALE, IL 60108",41.9374223,-88.1127345
FRUITFUL YIELD DARIEN 16881,2141 75TH ST,DARIEN,IL,60561,"2141 75TH ST, DARIEN, IL 60561",41.7492111,-87.997548
FRUITFUL YIELD ELMHURST 16833,135 N ADDISON AVE STE F,ELMHURST,IL,60126,"135 N ADDISON AVE STE F, ELMHURST, IL 60126",,
FRUITFUL YIELD JOLIET 260436,2378 ESSINGTON RD,JOLIET,IL,60435,"2378 ESSINGTON RD, JOLIET, IL 60435",41.5650235,-88.1615724
FRUITFUL YIELD LAGRANGE PARK 260848,425 N LA GRANGE RD,LAGRANGE PARK,IL,60526,"425 N LA GRANGE RD, LAGRANGE PARK, IL 60526",41.8226947,-87.8704625
FRUITFUL YIELD LOMBARD 16845,229 W ROOSEVELT RD,LOMBARD,IL,60148,"229 W ROOSEVELT RD, LOMBARD, IL 60148",41.859807,-88.0248185
FRUITFUL YIELD NAPERVILLE 260484,1512 N NAPER BLVD STE 180,NAPERVILLE,IL,60563,"1512 N NAPER BLVD STE 180, NAPERVILLE, IL 60563",,
FRUITFUL YIELD OSWEGO 16858,1124 DOUGLAS RD,OSWEGO,IL,60543,"1124 DOUGLAS RD, OSWEGO, IL 60543",41.7037185,-88.3162438
FRUITFUL YIELD SCHAUMBURG 16857,168 E GOLF RD,SCHAUMBURG,IL,60173,"168 E GOLF RD, SCHAUMBURG, IL 60173",42.0497049,-88.0752525
FRUITFUL YIELD SOUTH ELGIN 9682,360 RANDALL RD,SOUTH ELGIN,IL,60177,"360 RANDALL RD, SOUTH ELGIN, IL 60177",41.9863148,-88.343409
GOOD EARTH MARKETS AMERICAN FORK 339036,336 W MAIN ST,AMERICAN FORK,UT,84003,"336 W MAIN ST, AMERICAN FORK, UT 84003",40.3766451,-111.8198868
GOOD EARTH MARKETS AMERICAN FORK 339119,336 W MAIN ST,AMERICAN FORK,UT,84003,"336 W MAIN ST, AMERICAN FORK, UT 84003",40.3766451,-111.8198868
GOOD EARTH MARKETS LAYTON 345623,1160 W HILL FIELD RD,LAYTON,UT,84041,"1160 W HILL FIELD RD, LAYTON, UT 84041",41.0676357,-112.0142882
GOOD EARTH MARKETS LAYTON 345624,1160 W HILL FIELD RD,LAYTON,UT,84041,"1160 W HILL FIELD RD, LAYTON, UT 84041",41.0676357,-112.0142882
GOOD EARTH MARKETS OREM 339317,500 S STATE ST,OREM,UT,84058,"500 S STATE ST, OREM, UT 84058",40.2919039,-111.6927357
GOOD EARTH MARKETS OREM 339630,500 S STATE ST,OREM,UT,84058,"500 S STATE ST, OREM, UT 84058",40.2919039,-111.6927357
GOOD EARTH MARKETS PARK CITY 153490,1270 IRON HORSE DR,PARK CITY,UT,84060,"1270 IRON HORSE DR, PARK CITY, UT 84060",40.6593097,-111.5020984
GOOD EARTH MARKETS PARK CITY 833615,1270 IRON HORSE DR,PARK CITY,UT,84060,"1270 IRON HORSE DR, PARK CITY, UT 84060",40.6593097,-111.5020984
GOOD EARTH MARKETS RIVERDALE 338756,1050 W RIVERDALE RD,RIVERDALE,UT,84405,"1050 W RIVERDALE RD, RIVERDALE, UT 84405",41.1775799,-112.0038476
GOOD EARTH MARKETS RIVERDALE 339341,1050 W RIVERDALE RD,RIVERDALE,UT,84405,"1050 W RIVERDALE RD, RIVERDALE, UT 84405",41.1775799,-112.0038476
GOOD EARTH MARKETS SANDY 339507,7905 S 700 E,SANDY,UT,84070,"7905 S 700 E, SANDY, UT 84070",40.6070449,-111.8713421
GOOD EARTH MARKETS SANDY 339572,7905 S 700 E,SANDY,UT,84070,"7905 S 700 E, SANDY, UT 84070",40.6070449,-111.8713421
GOOD EARTH MARKETS SPANISH FORK 332510,863 N 700 E,SPANISH FORK,UT,84660,"863 N 700 E, SPANISH FORK, UT 84660",40.1211657,-111.64309
GOOD EARTH MARKETS SPANISH FORK 332544,863 N 700 E,SPANISH FORK,UT,84660,"863 N 700 E, SPANISH FORK, UT 84660",40.1211657,-111.64309
GOOD FOOD STORE - MT MISSOULA 911311,1600 S 3RD ST W,MISSOULA,MT,59801,"1600 S 3RD ST W, MISSOULA, MT 59801",46.8676559,-114.020315
GOOD HARVEST MARKET PEWAUKEE 17001,2205 SILVERNAIL RD,PEWAUKEE,WI,53072,"2205 SILVERNAIL RD, PEWAUKEE, WI 53072",43.043499,-88.2630742
GREAT BASIN COMMUNITY FOOD CO-OP RENO 800008,240 COURT ST,RENO,NV,89501,"240 COURT ST, RENO, NV 89501",39.5226935,-119.8154949
GROUNDED JASPER 247396,435 S US HIGHWAY 231,JASPER,IN,47546,"435 S US HIGHWAY 231, JASPER, IN 47546",40.7657447,-87.1214532
HAPPIER 365 LLC NEW YORK 148832,365 CANAL ST,NEW YORK,NY,10013,"365 CANAL ST, NEW YORK, NY 10013",40.72121,-74.0040147
HARVEST FRESH MCMINNVILLE 10907,251 NE 3RD ST,MCMINNVILLE,OR,97128,"251 NE 3RD ST, MCMINNVILLE, OR 97128",45.2102212,-123.1970965
HEALTHY CHOICES CARLSBAD 500486,205 W CHURCH ST,CARLSBAD,NM,88220,"205 W CHURCH ST, CARLSBAD, NM 88220",32.4282429,-104.2280537
HERITAGE NATURAL FOODS MOLINE 8713,1317 6TH AVE,MOLINE,IL,61265,"1317 6TH AVE, MOLINE, IL 61265",41.5045089,-90.5180367
HORTON'S MARKET LLC ASTORIA 152453,1453 31ST AVE UNIT C1,ASTORIA,NY,11106,"1453 31ST AVE UNIT C1, ASTORIA, NY 11106",,
INFRA NON-SA MANASQUAN 4317,181 MAIN ST,MANASQUAN,NJ,87363,"181 MAIN ST, MANASQUAN, NJ 87363",40.1121995,-74.0333379
INFRA NON-SA MOUNT SHASTA 78410,305 S MOUNT SHASTA BLVD,MOUNT SHASTA,CA,96067,"305 S MOUNT SHASTA BLVD, MOUNT SHASTA, CA 96067",41.3117989,-122.311116
KEY FOOD STORES CO-OP ASTORIA 372287,3118 24TH AVE,ASTORIA,NY,11102,"3118 24TH AVE, ASTORIA, NY 11102",,
KEY FOOD STORES CO-OP BROOKLYN 150997,11 BROADWAY,BROOKLYN,NY,11249,"11 BROADWAY, BROOKLYN, NY 11249",40.7109861,-73.968269
KEY FOOD STORES CO-OP BROOKLYN 372222,242 BAY RIDGE AVE,BROOKLYN,NY,11220,"242 BAY RIDGE AVE, BROOKLYN, NY 11220",40.6358143,-74.0271902
KEY FOOD STORES CO-OP BROOKLYN 372805,805 WASHINGTON AVE,BROOKLYN,NY,11238,"805 WASHINGTON AVE, BROOKLYN, NY 11238",40.6723675,-73.9624026
KEY FOOD STORES CO-OP EWING TOWNSHIP 150930,1400 PARKWAY AVE STE B2,EWING TOWNSHIP,NJ,8628,"1400 PARKWAY AVE STE B2, EWING TOWNSHIP, NJ 8628",,
KEY FOOD STORES CO-OP FOREST HILLS 150447,7176 YELLOWSTONE BLVD,FOREST HILLS,NY,11375,"7176 YELLOWSTONE BLVD, FOREST HILLS, NY 11375",40.722603,-73.8500134
KEY FOOD STORES CO-OP FRANKLIN SQUARE 150235,206 NEW HYDE PARK RD,FRANKLIN SQUARE,NY,11010,"206 NEW HYDE PARK RD, FRANKLIN SQUARE, NY 11010",40.7130876,-73.6760337
KEY FOOD STORES CO-OP GLEN HEAD 150372,1-1 PARK PLZ,GLEN HEAD,NY,11545,"1-1 PARK PLZ, GLEN HEAD, NY 11545",,
KEY FOOD STORES CO-OP LONG ISLAND 150482,2-57 50TH AVE,LONG ISLAND,NY,11101,"2-57 50TH AVE, LONG ISLAND, NY 11101",40.7411488,-73.9459942
KEY FOOD STORES CO-OP MARLBORO 150205,460 COUNTY ROAD 520,MARLBORO,NJ,77461,"460 COUNTY ROAD 520, MARLBORO, NJ 77461",,
KEY FOOD STORES CO-OP NEW YORK 150348,251 MULBERRY ST,NEW YORK,NY,10012,"251 MULBERRY ST, NEW YORK, NY 10012",40.7232089,-73.9958812
KEY FOOD STORES CO-OP ROSLYN HEIGHTS 150382,374 ROSLYN RD,ROSLYN HEIGHTS,NY,11577,"374 ROSLYN RD, ROSLYN HEIGHTS, NY 11577",40.7788351,-73.6385296
KIMBERTON WHOLE FOODS COLLEGEVILLE 170734,222 E MAIN ST,COLLEGEVILLE,PA,19426,"222 E MAIN ST, COLLEGEVILLE, PA 19426",40.1824036,-75.4524467
KIMBERTON WHOLE FOODS DOUGLASSVILLE 170431,1139 BEN FRANKLIN HWY E,DOUGLASSVILLE,PA,19518,"1139 BEN FRANKLIN HWY E, DOUGLASSVILLE, PA 19518",,
KIMBERTON WHOLE FOODS DOWNINGTOWN 170428,150 E PENNSYLVANIA AVE STE 101,DOWNINGTOWN,PA,19335,"150 E PENNSYLVANIA AVE STE 101, DOWNINGTOWN, PA 19335",,
KIMBERTON WHOLE FOODS EXTON 170845,701 RICE BLVD,EXTON,PA,19341,"701 RICE BLVD, EXTON, PA 19341",,
KIMBERTON WHOLE FOODS MALVERN 170732,429 E KING RD,MALVERN,PA,19355,"429 E KING RD, MALVERN, PA 19355",40.0332606,-75.5267504
KIMBERTON WHOLE FOODS OTTSVILLE 170830,4010 DURHAM RD,OTTSVILLE,PA,18942,"4010 DURHAM RD, OTTSVILLE, PA 18942",40.4652682,-75.1558118
KIMBERTON WHOLE FOODS PHOENIXVILLE 170429,2140 KIMBERTON RD,PHOENIXVILLE,PA,19460,"2140 KIMBERTON RD, PHOENIXVILLE, PA 19460",40.1313115,-75.5361992
KIMBERTON WHOLE FOODS WYOMISSING 170744,810 KNITTING MILLS WAY,WYOMISSING,PA,19610,"810 KNITTING MILLS WAY, WYOMISSING, PA 19610",,
KINDRED MARKET ATHENS 247356,284 E STATE ST,ATHENS,OH,45701,"284 E STATE ST, ATHENS, OH 45701",39.3376725,-82.0908435
KINGS BEDMINISTER 343611,450 ROUTE 206 N,BEDMINISTER,NJ,7921,"450 ROUTE 206 N, BEDMINISTER, NJ 7921",,
KINGS BOONTON 343612,115 HAWKINS PL,BOONTON,NJ,70051,"115 HAWKINS PL, BOONTON, NJ 70051",40.9069986,-74.424823
KINGS CRESSKILL 343616,70 UNION AVE,CRESSKILL,NJ,76262,"70 UNION AVE, CRESSKILL, NJ 76262",40.9411342,-73.9603132
KINGS FLORHAM PARK 343618,184 COLUMBIA TPKE,FLORHAM PARK,NJ,79321,"184 COLUMBIA TPKE, FLORHAM PARK, NJ 79321",40.7904825,-74.3926281
KINGS GARDEN CITY 343619,870 FRANKLIN AVE,GARDEN CITY,NY,11530,"870 FRANKLIN AVE, GARDEN CITY, NY 11530",40.7277884,-73.6353215
KINGS GARWOOD 343620,300 SOUTH AVE,GARWOOD,NJ,70271,"300 SOUTH AVE, GARWOOD, NJ 70271",40.6521943,-74.3236957
KINGS HILLSDALE 343624,381 WASHINGTON AVE,HILLSDALE,NJ,76422,"381 WASHINGTON AVE, HILLSDALE, NJ 76422",41.0015901,-74.0408771
KINGS HOBOKEN 343626,1212 SHIPYARD LN,HOBOKEN,NJ,70305,"1212 SHIPYARD LN, HOBOKEN, NJ 70305",40.7523151,-74.0246212
KINGS LIVINGSTON 343628,255 S LIVINGSTON AVE,LIVINGSTON,NJ,70394,"255 S LIVINGSTON AVE, LIVINGSTON, NJ 70394",40.7878166,-74.3132818
KINGS MENDHAM 343630,86 E MAIN ST,MENDHAM,NJ,79451,"86 E MAIN ST, MENDHAM, NJ 79451",40.7817397,-74.5887666
KINGS MIDLAND PARK 343631,85 GODWIN AVE,MIDLAND PARK,NJ,74321,"85 GODWIN AVE, MIDLAND PARK, NJ 74321",40.9846986,-74.1388553
KINGS MORRISTOWN 343634,191 SOUTH ST,MORRISTOWN,NJ,79605,"191 SOUTH ST, MORRISTOWN, NJ 79605",40.7907978,-74.4744097
KINGS OLD GREENWICH 343635,26 ARCADIA RD,OLD GREENWICH,CT,68701,"26 ARCADIA RD, OLD GREENWICH, CT 68701",41.0324107,-73.5669097
KINGS SHORT HILLS 343636,778 MORRIS TPKE,SHORT HILLS,NJ,70782,"778 MORRIS TPKE, SHORT HILLS, NJ 70782",40.7212331,-74.3340319
KINGS SUMMIT 343638,784 SPRINGFIELD AVENUE,SUMMIT,NJ,7901,"784 SPRINGFIELD AVENUE, SUMMIT, NJ 7901",40.7124964,-74.3844611
KINGS UPPER MONTCLAIR 343633,650 VALLEY RD,UPPER MONTCLAIR,NJ,70431,"650 VALLEY RD, UPPER MONTCLAIR, NJ 70431",40.8435351,-74.2081883
KINGS VERONA 343639,265 POMPTON AVE,VERONA,NJ,70443,"265 POMPTON AVE, VERONA, NJ 70443",40.8338064,-74.2256087
KINGS WHITEHOUSE STATION 343640,531 US HIGHWAY 22 E,WHITEHOUSE STATION,NJ,88893,"531 US HIGHWAY 22 E, WHITEHOUSE STATION, NJ 88893",,
KRASDALE NEW YORK 120069,69 2ND AVE,NEW YORK,NY,10003,"69 2ND AVE, NEW YORK, NY 10003",40.7263624,-73.9895297
KRASDALE NEW YORK 120095,95 DELANCEY ST,NEW YORK,NY,10002,"95 DELANCEY ST, NEW YORK, NY 10002",40.7186239,-73.9892818
KRASDALE NEW YORK 120491,4918 BROADWAY,NEW YORK,NY,10034,"4918 BROADWAY, NEW YORK, NY 10034",40.8672527,-73.9215983
LIFESOURCE SALEM 623845,2649 COMMERCIAL ST SE,SALEM,OR,97302,"2649 COMMERCIAL ST SE, SALEM, OR 97302",44.9155167,-123.0459579
LOCAL JOS NATURAL FOODS MOUNT PLEASANT 150126,1440 BEN SAWYER BLVD STE 1103,MOUNT PLEASANT,SC,29464,"1440 BEN SAWYER BLVD STE 1103, MOUNT PLEASANT, SC 29464",,
MARKET STREET ABILENE 550679,4450 BUFFALO GAP RD,ABILENE,TX,79606,"4450 BUFFALO GAP RD, ABILENE, TX 79606",32.3967321,-99.7633604
MARKET STREET ALLEN 550263,985 W BETHANY DR,ALLEN,TX,75013,"985 W BETHANY DR, ALLEN, TX 75013",33.0896558,-96.6846885
MARKET STREET AMARILLO 550688,8761 S COULTER ST,AMARILLO,TX,79119,"8761 S COULTER ST, AMARILLO, TX 79119",35.118128,-101.9180919
MARKET STREET AMARILLO 551326,2530 S GEORGIA ST,AMARILLO,TX,79109,"2530 S GEORGIA ST, AMARILLO, TX 79109",35.1863106,-101.8681765
MARKET STREET COLLEYVILLE 551860,5605 COLLEYVILLE BLVD,COLLEYVILLE,TX,76034,"5605 COLLEYVILLE BLVD, COLLEYVILLE, TX 76034",32.889284,-97.1468572
MARKET STREET COPPELL 551564,700 N DENTON TAP RD,COPPELL,TX,75019,"700 N DENTON TAP RD, COPPELL, TX 75019",32.9886106,-96.9916215
MARKET STREET FLOWER MOUND 553565,3800 LONG PRAIRIE RD,FLOWER MOUND,TX,75028,"3800 LONG PRAIRIE RD, FLOWER MOUND, TX 75028",33.0373152,-97.0679031
MARKET STREET FRISCO 550685,4268 LEGACY DR,FRISCO,TX,75034,"4268 LEGACY DR, FRISCO, TX 75034",33.1146931,-96.8376311
MARKET STREET FRISCO 552562,11999 DALLAS PKWY,FRISCO,TX,75033,"11999 DALLAS PKWY, FRISCO, TX 75033",33.1769793,-96.8431276
MARKET STREET LUBBOCK 552553,4425 19TH ST,LUBBOCK,TX,79407,"4425 19TH ST, LUBBOCK, TX 79407",33.5756639,-101.9063946
MARKET STREET LUBBOCK 552802,3405 50TH ST,LUBBOCK,TX,79413,"3405 50TH ST, LUBBOCK, TX 79413",33.5477594,-101.8892745
MARKET STREET LUBBOCK 553543,4205 98TH ST,LUBBOCK,TX,79423,"4205 98TH ST, LUBBOCK, TX 79423",33.503181,-101.9027136
MARKET STREET MANSFIELD 550696,3145 E BROAD ST,MANSFIELD,TX,76063,"3145 E BROAD ST, MANSFIELD, TX 76063",32.5766214,-97.0876515
MARKET STREET MCKINNEY 554561,6100 ELDORADO PKWY,MCKINNEY,TX,75070,"6100 ELDORADO PKWY, MCKINNEY, TX 75070",33.1746876,-96.697709
MARKET STREET MIDLAND 553674,4706 N MIDKIFF RD,MIDLAND,TX,79705,"4706 N MIDKIFF RD, MIDLAND, TX 79705",32.0361279,-102.1294263
MARKET STREET ODESSA 550675,4950 E 42ND ST,ODESSA,TX,79762,"4950 E 42ND ST, ODESSA, TX 79762",31.8930017,-102.3359353
MARKET STREET PLANO 554566,1929 PRESTON RD,PLANO,TX,75093,"1929 PRESTON RD, PLANO, TX 75093",33.0259325,-96.7994477
MARKET STREET SAN ANGELO 550078,3121 SUNSET DR,SAN ANGELO,TX,76904,"3121 SUNSET DR, SAN ANGELO, TX 76904",31.4216156,-100.4808211
MARKET STREET WICHITA FALLS 550417,4590 KELL BLVD,WICHITA FALLS,TX,76309,"4590 KELL BLVD, WICHITA FALLS, TX 76309",33.8765944,-98.559005
MARKUS COMMUNITY MARKET WHITEFISH 301473,9 BAKER AVE,WHITEFISH,MT,59937,"9 BAKER AVE, WHITEFISH, MT 59937",48.4118713,-114.3377871
MARTHERNES PAULINA 57225,3251 LA 3125,PAULINA,LA,70763,"3251 LA 3125, PAULINA, LA 70763",,
MCKAY'S MARKET GOLD BEACH 539346,29656 ELLENSBURG AVE,GOLD BEACH,OR,97444,"29656 ELLENSBURG AVE, GOLD BEACH, OR 97444",42.4104639,-124.4206287
MCKAY’S MARKET GOLD BEACH 539346,29656 ELLENSBURG AVE,GOLD BEACH,OR,97444,"29656 ELLENSBURG AVE, GOLD BEACH, OR 97444",42.4104639,-124.4206287
METRO ACRES MARKET NEW YORK 150553,81 1ST AVE,NEW YORK,NY,10003,"81 1ST AVE, NEW YORK, NY 10003",40.7257882,-73.9870336
MICROPLEX THRID STREET MARKET WHITEFISH 942090,244 SPOKANE AVE,WHITEFISH,MT,59937,"244 SPOKANE AVE, WHITEFISH, MT 59937",48.4098669,-114.3357885
MOUNTAIN HARVEST COMMUNITY MARKET SALMON 448680,301 MAIN ST,SALMON,ID,83467,"301 MAIN ST, SALMON, ID 83467",45.176385,-113.896133
NATURAL HEALTH - MO CAPE GIRARDEAU 56769,135 S BROADVIEW ST,CAPE GIRARDEAU,MO,63703,"135 S BROADVIEW ST, CAPE GIRARDEAU, MO 63703",37.3043516,-89.5574017
NATURE'S MARKET HOLLAND 24482,1013 WASHINGTON AVE,HOLLAND,MI,49423,"1013 WASHINGTON AVE, HOLLAND, MI 49423",42.7608397,-86.1160127
NATURE'S MARKET INFRA HOLLAND 24482,1013 WASHINGTON AVE,HOLLAND,MI,49423,"1013 WASHINGTON AVE, HOLLAND, MI 49423",42.7608397,-86.1160127
NATURES TEMPTATIONS RIDGEFIELD 5014,32 PROSPECT ST,RIDGEFIELD,CT,68774,"32 PROSPECT ST, RIDGEFIELD, CT 68774",41.2835869,-73.4954984
"NORTHWEST GROCERS, ALL OTHER STEVENSON 372074",265 SW 2ND ST,STEVENSON,WA,98648,"265 SW 2ND ST, STEVENSON, WA 98648",,
NURTRITION STOP ST PETERS 248635,4101 MEXICO RD STE K,ST PETERS,IL,63376,"4101 MEXICO RD STE K, ST PETERS, IL 63376",,
ORCHARD NUTRITION CENTER REDDING 448723,221 LOCUST ST,REDDING,CA,96001,"221 LOCUST ST, REDDING, CA 96001",40.5739344,-122.3753469
ORSON H GYGI COMPANY INC JUNEAU 150121,8367 OLD DAIRY RD,JUNEAU,AK,99801,"8367 OLD DAIRY RD, JUNEAU, AK 99801",58.3601384,-134.5687275
PALACE MARKET POINT REYES STATIO 794158,11300 STATE HWY 1,POINT REYES STATIO,CA,94956,"11300 STATE HWY 1, POINT REYES STATIO, CA 94956",,
PAVILIONS BEVERLY HILLS 203237,9467 W OLYMPIC BLVD,BEVERLY HILLS,CA,90212,"9467 W OLYMPIC BLVD, BEVERLY HILLS, CA 90212",34.0600823,-118.3998092
PAVILIONS BURBANK 202214,1110 W ALAMEDA AVE,BURBANK,CA,91506,"1110 W ALAMEDA AVE, BURBANK, CA 91506",34.1613132,-118.3136317
PAVILIONS CARLSBAD 292724,3439 VIA MONTEBELLO,CARLSBAD,CA,92009,"3439 VIA MONTEBELLO, CARLSBAD, CA 92009",33.0814531,-117.2320458
PAVILIONS CULVER CITY 202212,11030 JEFFERSON BLVD,CULVER CITY,CA,90230,"11030 JEFFERSON BLVD, CULVER CITY, CA 90230",33.9968452,-118.3938653
PAVILIONS HERMOSA BEACH 302110,715 PIER AVE,HERMOSA BEACH,CA,90254,"715 PIER AVE, HERMOSA BEACH, CA 90254",33.8659356,-118.3944844
PAVILIONS IRVINE 202412,3901 PORTOLA PKWY,IRVINE,CA,92602,"3901 PORTOLA PKWY, IRVINE, CA 92602",33.7358234,-117.7635831
PAVILIONS LA JOLLA 292323,7544 GIRARD AVE,LA JOLLA,CA,92037,"7544 GIRARD AVE, LA JOLLA, CA 92037",32.8417228,-117.2735782
PAVILIONS LAGUNA BEACH 202089,600 N. PACIFIC COAST HIGHWAY,LAGUNA BEACH,CA,92651,"600 N. PACIFIC COAST HIGHWAY, LAGUNA BEACH, CA 92651",33.4984765,-117.7403009
PAVILIONS LAGUNA NIGUEL 292508,27320 ALICIA PKWY,LAGUNA NIGUEL,CA,92677,"27320 ALICIA PKWY, LAGUNA NIGUEL, CA 92677",33.5661349,-117.7128115
PAVILIONS LOS ANGELES 202229,727 VINE ST,LOS ANGELES,CA,90038,"727 VINE ST, LOS ANGELES, CA 90038",34.0843522,-118.3269636
PAVILIONS MALIBU 202813,29211 HEATHERCLIFF RD,MALIBU,CA,90265,"29211 HEATHERCLIFF RD, MALIBU, CA 90265",34.0208576,-118.8103521
PAVILIONS MARINA DEL REY 202105,4365 GLENCOE AVE,MARINA DEL REY,CA,90292,"4365 GLENCOE AVE, MARINA DEL REY, CA 90292",,
PAVILIONS MISSION VIEJO 202210,26022 MARGUERITE PKWY,MISSION VIEJO,CA,92692,"26022 MARGUERITE PKWY, MISSION VIEJO, CA 92692",33.585968,-117.6575
PAVILIONS MONTECITO 292101,1040 COAST VILLAGE RD,MONTECITO,CA,93108,"1040 COAST VILLAGE RD, MONTECITO, CA 93108",34.4227176,-119.6510823
PAVILIONS NEWPORT BEACH 201911,21181 NEWPORT COAST DR,NEWPORT BEACH,CA,92657,"21181 NEWPORT COAST DR, NEWPORT BEACH, CA 92657",33.6067259,-117.8277769
PAVILIONS NEWPORT BEACH 201912,2660 SAN MIGUEL DR,NEWPORT BEACH,CA,92660,"2660 SAN MIGUEL DR, NEWPORT BEACH, CA 92660",33.6263257,-117.8484486
PAVILIONS NEWPORT BEACH 202235,1000 BAYSIDE DR,NEWPORT BEACH,CA,92660,"1000 BAYSIDE DR, NEWPORT BEACH, CA 92660",33.6112826,-117.8926102
PAVILIONS NEWPORT BEACH 203005,3100 W BALBOA BLVD,NEWPORT BEACH,CA,92663,"3100 W BALBOA BLVD, NEWPORT BEACH, CA 92663",33.6147065,-117.9310884
PAVILIONS PASADENA 202224,845 E CALIFORNIA BLVD,PASADENA,CA,91106,"845 E CALIFORNIA BLVD, PASADENA, CA 91106",34.1364634,-118.1331326
PAVILIONS RANCHO S MARGARITA 202217,22451 ANTONIO PKWY,RANCHO S MARGARITA,CA,92688,"22451 ANTONIO PKWY, RANCHO S MARGARITA, CA 92688",,
PAVILIONS ROLLING HILLS ESTA 202233,7 PENINSULA CTR,ROLLING HILLS ESTA,CA,90274,"7 PENINSULA CTR, ROLLING HILLS ESTA, CA 90274",,
PAVILIONS SAN CLEMENTE 574563,989 AVENIDA PICO,SAN CLEMENTE,CA,92673,"989 AVENIDA PICO, SAN CLEMENTE, CA 92673",33.4567197,-117.6033615
PAVILIONS SAN DIEGO 292119,3850 VALLEY CENTRE DR,SAN DIEGO,CA,92130,"3850 VALLEY CENTRE DR, SAN DIEGO, CA 92130",32.9392326,-117.2321094
PAVILIONS SAN DIEGO 292784,515 W WASHINGTON ST,SAN DIEGO,CA,92103,"515 W WASHINGTON ST, SAN DIEGO, CA 92103",32.7496156,-117.168345
PAVILIONS SANTA MONICA 202231,820 MONTANA AVE,SANTA MONICA,CA,90403,"820 MONTANA AVE, SANTA MONICA, CA 90403",34.0279136,-118.4999416
PAVILIONS SEAL BEACH 202803,1101 PACIFIC COAST HWY,SEAL BEACH,CA,90740,"1101 PACIFIC COAST HWY, SEAL BEACH, CA 90740",33.7439354,-118.0999687
PAVILIONS SHERMAN OAKS 202989,14845 VENTURA BLVD,SHERMAN OAKS,CA,91403,"14845 VENTURA BLVD, SHERMAN OAKS, CA 91403",34.1523342,-118.4567529
PAVILIONS SOUTH PASADENA 202228,1213 FAIR OAKS AVE,SOUTH PASADENA,CA,91030,"1213 FAIR OAKS AVE, SOUTH PASADENA, CA 91030",34.1115947,-118.1515054
PAVILIONS THOUSAND OAKS 202215,1135 LINDERO CANYON RD,THOUSAND OAKS,CA,91362,"1135 LINDERO CANYON RD, THOUSAND OAKS, CA 91362",34.1837601,-118.7862252
PAVILIONS WEST HILLS 202225,6534 PLATT AVE,WEST HILLS,CA,91307,"6534 PLATT AVE, WEST HILLS, CA 91307",34.1892898,-118.6414135
PAVILIONS WEST HOLLYWOOD 202739,8969 SANTA MONICA BLVD,WEST HOLLYWOOD,CA,90069,"8969 SANTA MONICA BLVD, WEST HOLLYWOOD, CA 90069",34.0835953,-118.3869083
PIERES MARKETPLACE LLC JOHNSON CITY 148785,205 E MAIN ST,JOHNSON CITY,TN,37604,"205 E MAIN ST, JOHNSON CITY, TN 37604",36.3166634,-82.3525076
PILGRIMS MARKET COEUR D'ALENE 64224,1316 N 4TH ST,COEUR D'ALENE,ID,83814,"1316 N 4TH ST, COEUR D'ALENE, ID 83814",47.687765,-116.7801607
RAINBOW BLOSSOM INFRA LOUISVILLE 18118,3738 LEXINGTON RD,LOUISVILLE,KY,40207,"3738 LEXINGTON RD, LOUISVILLE, KY 40207",38.2520484,-85.6589655
RAINBOW BLOSSOM LOUISVILLE 18118,3738 LEXINGTON RD,LOUISVILLE,KY,40207,"3738 LEXINGTON RD, LOUISVILLE, KY 40207",38.2520484,-85.6589655
RISING TIDE NATURAL FOODS GLEN COVE 170703,42 FOREST AVE,GLEN COVE,NY,11542,"42 FOREST AVE, GLEN COVE, NY 11542",40.8708549,-73.6263037
ROLLIN OATS SAINT PETERSBURG 130032,2842 DR MARTIN LUTHER KING JR,SAINT PETERSBURG,FL,33704,"2842 DR MARTIN LUTHER KING JR, SAINT PETERSBURG, FL 33704",,
ROLLIN OATS TAMPA 130031,1021 N MACDILL AVE,TAMPA,FL,33607,"1021 N MACDILL AVE, TAMPA, FL 33607",27.9957592,-82.4926766
SCHMIDTS COUNTRY MKT QUOGUE 148828,146 JESSUP AVE,QUOGUE,NY,11959,"146 JESSUP AVE, QUOGUE, NY 11959",40.8167247,-72.6081905
SHERPA ORG LLC DBA AUSTIN ORG FOREST HILLS 148825,7248 AUSTIN ST,FOREST HILLS,NY,11375,"7248 AUSTIN ST, FOREST HILLS, NY 11375",40.7186414,-73.8410673
SKYLINE COMMUNITY INFRA OAKLAND 532528,11881 SKYLINE BLVD,OAKLAND,CA,94619,"11881 SKYLINE BLVD, OAKLAND, CA 94619",37.7990291,-122.1711814
SPROUTS ALBANY 284,1075 MONROE ST,ALBANY,CA,94706,"1075 MONROE ST, ALBANY, CA 94706",37.8852078,-122.2978846
SPROUTS ALBUQUERQUE 701,10701 CORRALES RD NW,ALBUQUERQUE,NM,87114,"10701 CORRALES RD NW, ALBUQUERQUE, NM 87114",35.2050088,-106.6487772
SPROUTS ALBUQUERQUE 702,5112 LOMAS BLVD NE,ALBUQUERQUE,NM,87110,"5112 LOMAS BLVD NE, ALBUQUERQUE, NM 87110",35.0867338,-106.5876779
SPROUTS ALBUQUERQUE 703,11201 MONTGOMERY BLVD NE,ALBUQUERQUE,NM,87111,"11201 MONTGOMERY BLVD NE, ALBUQUERQUE, NM 87111",35.130748,-106.515536
SPROUTS ALBUQUERQUE 704,6300 SAN MATEO BLVD NE,ALBUQUERQUE,NM,87109,"6300 SAN MATEO BLVD NE, ALBUQUERQUE, NM 87109",35.1485869,-106.5837669
SPROUTS ALBUQUERQUE 707,13150 CENTRAL AVE SE,ALBUQUERQUE,NM,87123,"13150 CENTRAL AVE SE, ALBUQUERQUE, NM 87123",35.0664322,-106.498929
SPROUTS ALBUQUERQUE 708,5600 COORS BLVD NW,ALBUQUERQUE,NM,87120,"5600 COORS BLVD NW, ALBUQUERQUE, NM 87120",35.1465671,-106.6865861
SPROUTS ALHAMBRA 407,150 E MAIN ST STE 150,ALHAMBRA,CA,91801,"150 E MAIN ST STE 150, ALHAMBRA, CA 91801",,
SPROUTS ALLEN 147,1265 W EXCHANGE PKWY,ALLEN,TX,75013,"1265 W EXCHANGE PKWY, ALLEN, TX 75013",33.1141876,-96.6973172
SPROUTS APOPKA 646,2283 E SEMORAN BLVD,APOPKA,FL,32703,"2283 E SEMORAN BLVD, APOPKA, FL 32703",28.6750479,-81.4686451
SPROUTS APPLE VALLEY 465,19439 BEAR VALLEY RD,APPLE VALLEY,CA,92308,"19439 BEAR VALLEY RD, APPLE VALLEY, CA 92308",34.4710704,-117.2401075
SPROUTS ARLINGTON 140,5711 W INTERSTATE 20,ARLINGTON,TX,76017,"5711 W INTERSTATE 20, ARLINGTON, TX 76017",32.6755225,-97.1946659
SPROUTS ARVADA 310,7725 WADSWORTH BLVD,ARVADA,CO,80003,"7725 WADSWORTH BLVD, ARVADA, CO 80003",39.8365918,-105.0836396
SPROUTS ARVADA 333,15050 W 64TH AVE,ARVADA,CO,80007,"15050 W 64TH AVE, ARVADA, CO 80007",39.812058,-105.167901
SPROUTS ATLANTA 519,1853 PIEDMONT AVE NE,ATLANTA,GA,30324,"1853 PIEDMONT AVE NE, ATLANTA, GA 30324",33.8065319,-84.3666265
SPROUTS AUGUSTA 528,630 CRANE CREEK DR,AUGUSTA,GA,30907,"630 CRANE CREEK DR, AUGUSTA, GA 30907",,
SPROUTS AURORA 305,1150 S IRONTON ST UNIT 130,AURORA,CO,80012,"1150 S IRONTON ST UNIT 130, AURORA, CO 80012",,
SPROUTS AURORA 337,405 S CHAMBERS RD,AURORA,CO,80012,"405 S CHAMBERS RD, AURORA, CO 80012",39.7084449,-104.8100946
SPROUTS AUSTIN 112,10225 RESEARCH BLVD STE 1000,AUSTIN,TX,78759,"10225 RESEARCH BLVD STE 1000, AUSTIN, TX 78759",,
SPROUTS AUSTIN 117,4006 S LAMAR BLVD,AUSTIN,TX,78704,"4006 S LAMAR BLVD, AUSTIN, TX 78704",30.2369506,-97.7918584
SPROUTS AUSTIN 125,6920 MENCHACA RD,AUSTIN,TX,78745,"6920 MENCHACA RD, AUSTIN, TX 78745",30.2026348,-97.8070426
SPROUTS AUSTIN 162,1201 BARBARA JORDAN BLVD STE 7,AUSTIN,TX,78723,"1201 BARBARA JORDAN BLVD STE 7, AUSTIN, TX 78723",,
SPROUTS AVENEL 951,1002 SAINT GEORGES AVE,AVENEL,NJ,70011,"1002 SAINT GEORGES AVE, AVENEL, NJ 70011",40.5727236,-74.2935051
SPROUTS AVONDALE 13,1813 N DYSART RD,AVONDALE,AZ,85392,"1813 N DYSART RD, AVONDALE, AZ 85392",33.4664077,-112.3408499
SPROUTS AVONDALE 49,9824 W MCDOWELL RD,AVONDALE,AZ,85037,"9824 W MCDOWELL RD, AVONDALE, AZ 85037",33.4664099,-112.2707563
SPROUTS BAKERSFIELD 280,10650 STOCKDALE HWY STE 400,BAKERSFIELD,CA,93311,"10650 STOCKDALE HWY STE 400, BAKERSFIELD, CA 93311",,
SPROUTS BAKERSFIELD 460,3535 PANAMA LN,BAKERSFIELD,CA,93313,"3535 PANAMA LN, BAKERSFIELD, CA 93313",35.294601,-119.041661
SPROUTS BALTIMORE 920,3800 BOSTON ST,BALTIMORE,MD,21224,"3800 BOSTON ST, BALTIMORE, MD 21224",39.278199,-76.5637817
SPROUTS BASTROP 184,655 HIGHWAY 71 W STE 101,BASTROP,TX,78602,"655 HIGHWAY 71 W STE 101, BASTROP, TX 78602",,
SPROUTS BATON ROUGE 691,4841 ROUZAN SQUARE AVE,BATON ROUGE,LA,70808,"4841 ROUZAN SQUARE AVE, BATON ROUGE, LA 70808",30.4141177,-91.1387389
SPROUTS BEAR 818,888 PRESIDENTS ROW,BEAR,DE,19701,"888 PRESIDENTS ROW, BEAR, DE 19701",,
SPROUTS BEL AIR 918,680 MARKETPLACE DR,BEL AIR,MD,21014,"680 MARKETPLACE DR, BEL AIR, MD 21014",39.5225077,-76.3516231
SPROUTS BIRMINGHAM 482,5265 HIGHWAY 280,BIRMINGHAM,AL,35242,"5265 HIGHWAY 280, BIRMINGHAM, AL 35242",33.4201212,-86.6834251
SPROUTS BIXBY 804,10111 S MEMORIAL DR,BIXBY,OK,74133,"10111 S MEMORIAL DR, BIXBY, OK 74133",36.0171212,-95.8864204
SPROUTS BOCA RATON 648,9831 GLADES RD STE 111,BOCA RATON,FL,33434,"9831 GLADES RD STE 111, BOCA RATON, FL 33434",,
SPROUTS BOULDER 304,2950 BASELINE RD,BOULDER,CO,80303,"2950 BASELINE RD, BOULDER, CO 80303",39.9997017,-105.2541264
SPROUTS BOULDER 312,2525 ARAPAHOE AVE,BOULDER,CO,80302,"2525 ARAPAHOE AVE, BOULDER, CO 80302",40.0162238,-105.2616853
SPROUTS BOUNTIFUL 607,155 W 500 S STE 2,BOUNTIFUL,UT,84010,"155 W 500 S STE 2, BOUNTIFUL, UT 84010",40.8894611,-111.8804817
SPROUTS BOYNTON BEACH 632,9850 S JOG RD STE 111,BOYNTON BEACH,FL,33437,"9850 S JOG RD STE 111, BOYNTON BEACH, FL 33437",,
SPROUTS BOYNTON BEACH 647,2222 N CONGRESS AVE,BOYNTON BEACH,FL,33426,"2222 N CONGRESS AVE, BOYNTON BEACH, FL 33426",26.547395,-80.0891295
SPROUTS BRADENTON 645,1149 CORTEZ RD W STE 111,BRADENTON,FL,34207,"1149 CORTEZ RD W STE 111, BRADENTON, FL 34207",,
SPROUTS BRANDON 635,11339 CAUSEWAY BLVD STE 111,BRANDON,FL,33511,"11339 CAUSEWAY BLVD STE 111, BRANDON, FL 33511",,
SPROUTS BREA 209,735 E BIRCH ST,BREA,CA,92821,"735 E BIRCH ST, BREA, CA 92821",33.9189987,-117.889389
SPROUTS BRENTWOOD 404,2325 SAND CREEK RD,BRENTWOOD,CA,94513,"2325 SAND CREEK RD, BRENTWOOD, CA 94513",37.9442306,-121.7349511
SPROUTS BROOKSVILLE 661,7187 COASTAL BLVD,BROOKSVILLE,FL,34613,"7187 COASTAL BLVD, BROOKSVILLE, FL 34613",28.5361253,-82.5053502
SPROUTS BUCKEYE 53,20975 W ROOSEVELT ST,BUCKEYE,AZ,85326,"20975 W ROOSEVELT ST, BUCKEYE, AZ 85326",33.4575176,-112.5476437
SPROUTS BUFORD 529,2925 BUFORD DR STE 2400,BUFORD,GA,30519,"2925 BUFORD DR STE 2400, BUFORD, GA 30519",,
SPROUTS BURBANK 236,1011 N SAN FERNANDO BLVD,BURBANK,CA,91504,"1011 N SAN FERNANDO BLVD, BURBANK, CA 91504",34.188046,-118.3186645
SPROUTS BURLESON 135,1679 SW WILSHIRE BLVD,BURLESON,TX,76028,"1679 SW WILSHIRE BLVD, BURLESON, TX 76028",32.5252388,-97.3439703
SPROUTS BURTONSVILLE 921,15793 OLD COLUMBIA PIKE,BURTONSVILLE,MD,20866,"15793 OLD COLUMBIA PIKE, BURTONSVILLE, MD 20866",39.1152423,-76.9322167
SPROUTS CAMARILLO 419,2400 LAS POSAS RD STE A,CAMARILLO,CA,93010,"2400 LAS POSAS RD STE A, CAMARILLO, CA 93010",,
SPROUTS CAPE CORAL 653,1800 NE PINE ISLAND RD STE 111,CAPE CORAL,FL,33909,"1800 NE PINE ISLAND RD STE 111, CAPE CORAL, FL 33909",,
SPROUTS CARLSBAD 239,2618 EL CAMINO REAL,CARLSBAD,CA,92008,"2618 EL CAMINO REAL, CARLSBAD, CA 92008",33.1764097,-117.3250281
SPROUTS CARLSBAD 247,3243 CAMINO DE LOS COCHES,CARLSBAD,CA,92009,"3243 CAMINO DE LOS COCHES, CARLSBAD, CA 92009",33.0749554,-117.2387789
SPROUTS CARLSBAD 416,2634 GATEWAY RD,CARLSBAD,CA,92009,"2634 GATEWAY RD, CARLSBAD, CA 92009",33.1293649,-117.2542434
SPROUTS CARROLTON 115,1745 E HEBRON PKWY,CARROLTON,TX,75010,"1745 E HEBRON PKWY, CARROLTON, TX 75010",,
SPROUTS CARSON 494,619 E UNIVERSITY DR,CARSON,CA,90746,"619 E UNIVERSITY DR, CARSON, CA 90746",33.859165,-118.2651789
SPROUTS CARSON CITY 557,3193 MARKET ST STE 110,CARSON CITY,NV,89706,"3193 MARKET ST STE 110, CARSON CITY, NV 89706",,
SPROUTS CASTLE ROCK 307,5650 ALLEN WAY,CASTLE ROCK,CO,80108,"5650 ALLEN WAY, CASTLE ROCK, CO 80108",39.4151294,-104.8637601
SPROUTS CAVE CREEK 44,5355 E CAREFREE HWY STE A,CAVE CREEK,AZ,85331,"5355 E CAREFREE HWY STE A, CAVE CREEK, AZ 85331",,
SPROUTS CEDAR HILL 113,362 E FM 1382,CEDAR HILL,TX,75104,"362 E FM 1382, CEDAR HILL, TX 75104",32.5926,-96.93927
SPROUTS CEDAR PARK 138,1530 CYPRESS CREEK RD,CEDAR PARK,TX,78613,"1530 CYPRESS CREEK RD, CEDAR PARK, TX 78613",30.4788145,-97.8322094
SPROUTS CENTENNIAL 306,20831 E SMOKY HILL RD,CENTENNIAL,CO,80015,"20831 E SMOKY HILL RD, CENTENNIAL, CO 80015",39.608236,-104.7457602
SPROUTS CENTEREACH 830,1934 MIDDLE COUNTRY RD,CENTEREACH,NY,11720,"1934 MIDDLE COUNTRY RD, CENTEREACH, NY 11720",40.8586799,-73.0799775
SPROUTS CERRITOS 426,11900 SOUTH ST,CERRITOS,CA,90703,"11900 SOUTH ST, CERRITOS, CA 90703",33.8579447,-118.0803385
SPROUTS CHANDLER 1,1959 W RAY RD,CHANDLER,AZ,85224,"1959 W RAY RD, CHANDLER, AZ 85224",33.3188757,-111.8754751
SPROUTS CHANDLER 15,2855 S ALMA SCHOOL RD,CHANDLER,AZ,85286,"2855 S ALMA SCHOOL RD, CHANDLER, AZ 85286",33.2646434,-111.8561909
SPROUTS CHANDLER 33,4065 S GILBERT RD,CHANDLER,AZ,85249,"4065 S GILBERT RD, CHANDLER, AZ 85249",33.2473264,-111.788027
SPROUTS CHARLOTTE 541,15121 BALLANCROFT PKWY STE A,CHARLOTTE,NC,28277,"15121 BALLANCROFT PKWY STE A, CHARLOTTE, NC 28277",,
SPROUTS CHARLOTTE 546,110 E 36TH ST STE 5,CHARLOTTE,NC,28206,"110 E 36TH ST STE 5, CHARLOTTE, NC 28206",,
SPROUTS CHARLOTTE 564,14124 STEELE CREEK RD,CHARLOTTE,NC,28273,"14124 STEELE CREEK RD, CHARLOTTE, NC 28273",35.1015769,-80.989607
SPROUTS CHEYENNE 338,5214 RUE TERRE,CHEYENNE,WY,82009,"5214 RUE TERRE, CHEYENNE, WY 82009",41.1647643,-104.7991967
SPROUTS CHINO HILLS 241,3630 GRAND AVE,CHINO HILLS,CA,91709,"3630 GRAND AVE, CHINO HILLS, CA 91709",34.0031868,-117.7275672
SPROUTS CITRUS HEIGHTS 263,7905 GREENBACK LN,CITRUS HEIGHTS,CA,95610,"7905 GREENBACK LN, CITRUS HEIGHTS, CA 95610",38.6798103,-121.270794
SPROUTS CLAREMONT 205,835 W FOOTHILL BLVD,CLAREMONT,CA,91711,"835 W FOOTHILL BLVD, CLAREMONT, CA 91711",34.107678,-117.7301391
SPROUTS CLEARWATER 618,23656 US HIGHWAY 19 N STE 111,CLEARWATER,FL,33765,"23656 US HIGHWAY 19 N STE 111, CLEARWATER, FL 33765",,
SPROUTS CLERMONT 674,3420 S US HIGHWAY 27,CLERMONT,FL,34711,"3420 S US HIGHWAY 27, CLERMONT, FL 34711",,
SPROUTS CLIFFWOOD 947,327 HIGHWAY 35,CLIFFWOOD,NJ,77211,"327 HIGHWAY 35, CLIFFWOOD, NJ 77211",,
SPROUTS CLOVIS 405,850 HERNDON AVE STE 103,CLOVIS,CA,93612,"850 HERNDON AVE STE 103, CLOVIS, CA 93612",,
SPROUTS COCONUT CREEK 659,1019 LYONS RD,COCONUT CREEK,FL,33063,"1019 LYONS RD, COCONUT CREEK, FL 33063",26.242946,-80.1871269
SPROUTS COLORADO SPRINGS 313,1730 DUBLIN BLVD,COLORADO SPRINGS,CO,80918,"1730 DUBLIN BLVD, COLORADO SPRINGS, CO 80918",38.9267147,-104.7949265
SPROUTS COLORADO SPRINGS 329,13415 VOYAGER PKWY,COLORADO SPRINGS,CO,80921,"13415 VOYAGER PKWY, COLORADO SPRINGS, CO 80921",39.0265795,-104.814486
SPROUTS COLORADO SPRINGS 332,5617 BARNES RD,COLORADO SPRINGS,CO,80917,"5617 BARNES RD, COLORADO SPRINGS, CO 80917",38.8930567,-104.7231816
SPROUTS COLORADO SPRINGS 336,1720 S NEVADA AVE,COLORADO SPRINGS,CO,80905,"1720 S NEVADA AVE, COLORADO SPRINGS, CO 80905",38.8093539,-104.8229626
SPROUTS COPPELL 108,110 W SANDY LAKE RD,COPPELL,TX,75019,"110 W SANDY LAKE RD, COPPELL, TX 75019",32.970755,-96.9952971
SPROUTS CORONA 243,120 W ONTARIO AVE,CORONA,CA,92882,"120 W ONTARIO AVE, CORONA, CA 92882",33.8557321,-117.5706543
SPROUTS CORPUS CHRISTI 119,4717 S PADRE ISLAND DR STE F,CORPUS CHRISTI,TX,78411,"4717 S PADRE ISLAND DR STE F, CORPUS CHRISTI, TX 78411",,
SPROUTS COSTA MESA 240,3030 HARBOR BLVD,COSTA MESA,CA,92626,"3030 HARBOR BLVD, COSTA MESA, CA 92626",33.6825688,-117.9173068
SPROUTS CUDAHY 467,7925 ATLANTIC AVE,CUDAHY,CA,90201,"7925 ATLANTIC AVE, CUDAHY, CA 90201",33.9625524,-118.1878324
SPROUTS CULVER CITY 215,5660 SEPULVEDA BLVD,CULVER CITY,CA,90230,"5660 SEPULVEDA BLVD, CULVER CITY, CA 90230",33.9891436,-118.3940853
SPROUTS CUMMING 515,530 LAKELAND PLZ,CUMMING,GA,30040,"530 LAKELAND PLZ, CUMMING, GA 30040",34.1845874,-84.1431974
SPROUTS DALLAS 103,11722 MARSH LN STE 317,DALLAS,TX,75229,"11722 MARSH LN STE 317, DALLAS, TX 75229",,
SPROUTS DALLAS 126,1800 N HENDERSON AVE,DALLAS,TX,75206,"1800 N HENDERSON AVE, DALLAS, TX 75206",32.8111168,-96.7727192
SPROUTS DALLAS 149,7110 SKILLMAN ST,DALLAS,TX,75231,"7110 SKILLMAN ST, DALLAS, TX 75231",32.8761436,-96.7342505
SPROUTS DALLAS 160,6465 E MOCKINGBIRD LN STE 322,DALLAS,TX,75214,"6465 E MOCKINGBIRD LN STE 322, DALLAS, TX 75214",,
SPROUTS DALLAS 163,17795 DALLAS PKWY,DALLAS,TX,75287,"17795 DALLAS PKWY, DALLAS, TX 75287",32.9917575,-96.8307427
SPROUTS DALLAS 164,1322 N HAMPTON RD,DALLAS,TX,75208,"1322 N HAMPTON RD, DALLAS, TX 75208",32.763386,-96.8564514
SPROUTS DALY CITY 276,301 GELLERT BLVD,DALY CITY,CA,94015,"301 GELLERT BLVD, DALY CITY, CA 94015",37.6688905,-122.4669346
SPROUTS DANIA BEACH 639,150 S COMPASS WAY STE 111,DANIA BEACH,FL,33004,"150 S COMPASS WAY STE 111, DANIA BEACH, FL 33004",,
SPROUTS DAYTONA BEACH 673,1591 N WILLIAMSON BLVD,DAYTONA BEACH,FL,32117,"1591 N WILLIAMSON BLVD, DAYTONA BEACH, FL 32117",29.2221025,-81.0922271
SPROUTS DECATUR 525,2551 BLACKMON DR,DECATUR,GA,30033,"2551 BLACKMON DR, DECATUR, GA 30033",33.7939369,-84.2874031
SPROUTS DEERFIELD BEACH 619,950 S FEDERAL HWY STE 111,DEERFIELD BEACH,FL,33441,"950 S FEDERAL HWY STE 111, DEERFIELD BEACH, FL 33441",,
SPROUTS DEERFIELD BEACH 668,3701 W HILLSBORO BLVD STE B,DEERFIELD BEACH,FL,33442,"3701 W HILLSBORO BLVD STE B, DEERFIELD BEACH, FL 33442",,
SPROUTS DELRAY BEACH 643,5030 W ATLANTIC AVE STE 111,DELRAY BEACH,FL,33484,"5030 W ATLANTIC AVE STE 111, DELRAY BEACH, FL 33484",,
SPROUTS DENTON 148,4930 TEASLEY LN,DENTON,TX,76210,"4930 TEASLEY LN, DENTON, TX 76210",33.1479458,-97.1066775
SPROUTS DENVER 314,4700 W 38TH AVE,DENVER,CO,80212,"4700 W 38TH AVE, DENVER, CO 80212",39.7689512,-105.0483655
SPROUTS DENVER 315,2880 S COLORADO BLVD,DENVER,CO,80222,"2880 S COLORADO BLVD, DENVER, CO 80222",39.6641588,-104.93943
SPROUTS DENVER 320,8555 W BELLEVIEW AVE,DENVER,CO,80123,"8555 W BELLEVIEW AVE, DENVER, CO 80123",39.6246899,-105.0937695
SPROUTS DENVER 322,3625 E COLFAX AVE,DENVER,CO,80206,"3625 E COLFAX AVE, DENVER, CO 80206",39.7404516,-104.944492
SPROUTS DENVER 328,197 E MISSISSIPPI AVE,DENVER,CO,80209,"197 E MISSISSIPPI AVE, DENVER, CO 80209",39.696706,-104.9852469
SPROUTS DENVER 334,3555 CENTRAL PARK BLVD,DENVER,CO,80238,"3555 CENTRAL PARK BLVD, DENVER, CO 80238",39.7663826,-104.8902313
SPROUTS DENVER 335,5670 N TOWER RD,DENVER,CO,80249,"5670 N TOWER RD, DENVER, CO 80249",39.7995616,-104.7720093
SPROUTS DIAMOND BAR 420,239 S DIAMOND BAR BLVD,DIAMOND BAR,CA,91765,"239 S DIAMOND BAR BLVD, DIAMOND BAR, CA 91765",34.0213015,-117.8105192
SPROUTS DOWNEY 490,12060 LAKEWOOD BLVD,DOWNEY,CA,90242,"12060 LAKEWOOD BLVD, DOWNEY, CA 90242",33.9273234,-118.1299128
SPROUTS DRESHER 851,2001 WELSH RD,DRESHER,PA,19025,"2001 WELSH RD, DRESHER, PA 19025",40.158849,-75.1484988
SPROUTS DUBLIN 221,7153 AMADOR PLAZA RD,DUBLIN,CA,94568,"7153 AMADOR PLAZA RD, DUBLIN, CA 94568",37.7076682,-121.9291362
SPROUTS DURHAM 543,105 W NC HIGHWAY 54,DURHAM,NC,27713,"105 W NC HIGHWAY 54, DURHAM, NC 27713",,
SPROUTS EAGLE ROCK 403,2245 YOSEMITE DR,EAGLE ROCK,CA,90041,"2245 YOSEMITE DR, EAGLE ROCK, CA 90041",34.1356634,-118.216452
SPROUTS EAST WINDSOR 953,72 PRINCETON HIGHTSTOWN RD,EAST WINDSOR,NJ,85201,"72 PRINCETON HIGHTSTOWN RD, EAST WINDSOR, NJ 85201",40.2754035,-74.5429183
SPROUTS EASTVALE 440,13984 LIMONITE AVE,EASTVALE,CA,92880,"13984 LIMONITE AVE, EASTVALE, CA 92880",33.9739811,-117.5993083
SPROUTS EDMOND 802,24 E 2ND ST,EDMOND,OK,73034,"24 E 2ND ST, EDMOND, OK 73034",35.6524209,-97.4804599
SPROUTS EL CAJON 202,152 N 2ND ST,EL CAJON,CA,92021,"152 N 2ND ST, EL CAJON, CA 92021",32.7965412,-116.9358317
SPROUTS EL PASO 120,655 SUNLAND DRIVE,EL PASO,TX,79912,"655 SUNLAND DRIVE, EL PASO, TX 79912",31.8213231,-106.5409444
SPROUTS EL PASO 150,2036 N ZARAGOZA RD,EL PASO,TX,79938,"2036 N ZARAGOZA RD, EL PASO, TX 79938",31.7839492,-106.2442455
SPROUTS EL PASO 153,9801 GATEWAY BLVD W,EL PASO,TX,79925,"9801 GATEWAY BLVD W, EL PASO, TX 79925",31.7613612,-106.3575058
SPROUTS ELK GROVE 230,8211 LAGUNA BLVD,ELK GROVE,CA,95758,"8211 LAGUNA BLVD, ELK GROVE, CA 95758",38.4235558,-121.4061363
SPROUTS ELLICOTT CITY 916,9150 BALTIMORE NATIONAL PIKE S,ELLICOTT CITY,MD,21042,"9150 BALTIMORE NATIONAL PIKE S, ELLICOTT CITY, MD 21042",,
SPROUTS ENCINITAS 224,1327 ENCINITAS BLVD,ENCINITAS,CA,92024,"1327 ENCINITAS BLVD, ENCINITAS, CA 92024",33.0447942,-117.260776
SPROUTS ENGLEWOOD 325,5001 S BROADWAY,ENGLEWOOD,CO,80113,"5001 S BROADWAY, ENGLEWOOD, CO 80113",39.6256084,-104.988581
SPROUTS ERIK@SPROUTSCV.CO CHL,690 THIRD AVE,ERIK@SPROUTSCV.CO,CA,91910,"690 THIRD AVE, ERIK@SPROUTSCV.CO, CA 91910",,
SPROUTS ESCONDIDO 253,510 W 13TH AVE,ESCONDIDO,CA,92025,"510 W 13TH AVE, ESCONDIDO, CA 92025",33.1080924,-117.080649
SPROUTS ESTERO 631,19990 S TAMIAMI TRL STE 111,ESTERO,FL,33928,"19990 S TAMIAMI TRL STE 111, ESTERO, FL 33928",,
SPROUTS FAYETTEVILLE 542,2810 FREEDOM PARKWAY DR,FAYETTEVILLE,NC,28314,"2810 FREEDOM PARKWAY DR, FAYETTEVILLE, NC 28314",35.0576433,-78.9697355
SPROUTS FLAGSTAFF 26,1560 N. RIORDAN RANCH RD.,FLAGSTAFF,AZ,86001,"1560 N. RIORDAN RANCH RD., FLAGSTAFF, AZ 86001",,
SPROUTS FLOWER MOUND 102,2301 CROSS TIMBERS RD STE 200,FLOWER MOUND,TX,75028,"2301 CROSS TIMBERS RD STE 200, FLOWER MOUND, TX 75028",,
SPROUTS FOLSOM 414,905 E BIDWELL ST,FOLSOM,CA,95630,"905 E BIDWELL ST, FOLSOM, CA 95630",38.670612,-121.1573237
SPROUTS FONTANA 429,16964 S HIGHLAND AVE,FONTANA,CA,92336,"16964 S HIGHLAND AVE, FONTANA, CA 92336",34.1352089,-117.4348897
SPROUTS FORT COLLINS 303,4345 CORBETT DR,FORT COLLINS,CO,80525,"4345 CORBETT DR, FORT COLLINS, CO 80525",40.5267502,-105.0269231
SPROUTS FORT COLLINS 316,2601 S LEMAY AVE,FORT COLLINS,CO,80525,"2601 S LEMAY AVE, FORT COLLINS, CO 80525",40.5505144,-105.0589155
SPROUTS FORT MYERS 654,8595 COLLEGE PKWY STE 210,FORT MYERS,FL,33919,"8595 COLLEGE PKWY STE 210, FORT MYERS, FL 33919",,
SPROUTS FORT WORTH 114,4650 SOUTHWEST LOOP,FORT WORTH,TX,76109,"4650 SOUTHWEST LOOP, FORT WORTH, TX 76109",32.6835651,-97.3941091
SPROUTS FORT WORTH 144,6300 WAVERLY WAY,FORT WORTH,TX,76116,"6300 WAVERLY WAY, FORT WORTH, TX 76116",32.7259698,-97.4169112
SPROUTS FORT WORTH 167,4525 W BAILEY BOSWELL RD,FORT WORTH,TX,76179,"4525 W BAILEY BOSWELL RD, FORT WORTH, TX 76179",32.8806736,-97.3912301
SPROUTS FOUNTAIN VALLEY 448,17950 MAGNOLIA ST,FOUNTAIN VALLEY,CA,92708,"17950 MAGNOLIA ST, FOUNTAIN VALLEY, CA 92708",33.7022123,-117.9699251
SPROUTS FRANKLIN 580,1010 MURFREESBORO RD STE 194,FRANKLIN,TN,37064,"1010 MURFREESBORO RD STE 194, FRANKLIN, TN 37064",,
SPROUTS FRESNO 273,7477 N BLACKSTONE AVE,FRESNO,CA,93720,"7477 N BLACKSTONE AVE, FRESNO, CA 93720",36.8448096,-119.7933016
SPROUTS FRESNO 470,245 S CLOVIS AVE,FRESNO,CA,93727,"245 S CLOVIS AVE, FRESNO, CA 93727",36.7456161,-119.7001657
SPROUTS FRISCO 105,5190 PRESTON RD,FRISCO,TX,75034,"5190 PRESTON RD, FRISCO, TX 75034",33.1216875,-96.8027322
SPROUTS FRISCO 151,2500 ELDORADO PKWY,FRISCO,TX,75033,"2500 ELDORADO PKWY, FRISCO, TX 75033",33.1798236,-96.8675621
SPROUTS FULLERTON 244,1447 S HARBOR BLVD,FULLERTON,CA,92832,"1447 S HARBOR BLVD, FULLERTON, CA 92832",33.8565973,-117.9259455
SPROUTS GARDEN GROVE 446,9848 CHAPMAN AVE,GARDEN GROVE,CA,92841,"9848 CHAPMAN AVE, GARDEN GROVE, CA 92841",33.7884894,-117.9612058
SPROUTS GEORGETOWN 169,4610 WILLIAMS DR STE 107,GEORGETOWN,TX,78633,"4610 WILLIAMS DR STE 107, GEORGETOWN, TX 78633",,
SPROUTS GERMANTOWN 579,3150 VILLAGE SHOPS DR STE 105,GERMANTOWN,TN,38138,"3150 VILLAGE SHOPS DR STE 105, GERMANTOWN, TN 38138",,
SPROUTS GILBERT 10,1668 N HIGLEY RD,GILBERT,AZ,85234,"1668 N HIGLEY RD, GILBERT, AZ 85234",33.3816212,-111.7218736
SPROUTS GILBERT 14,2582 S VAL VISTA DR,GILBERT,AZ,85295,"2582 S VAL VISTA DR, GILBERT, AZ 85295",33.3033978,-111.7575645
SPROUTS GLENDALE 27,6760 W DEER VALLEY RD,GLENDALE,AZ,85310,"6760 W DEER VALLEY RD, GLENDALE, AZ 85310",33.6830102,-112.2053223
SPROUTS GLENDORA 410,655 S GRAND AVE,GLENDORA,CA,91740,"655 S GRAND AVE, GLENDORA, CA 91740",34.127224,-117.874148
SPROUTS GOLETA 412,175 N FAIRVIEW AVE,GOLETA,CA,93117,"175 N FAIRVIEW AVE, GOLETA, CA 93117",34.4422916,-119.832381
SPROUTS GRANADA HILLS 223,10821 ZELZAH AVE,GRANADA HILLS,CA,91344,"10821 ZELZAH AVE, GRANADA HILLS, CA 91344",34.2671305,-118.5235132
SPROUTS GRAND JUNCTION 324,1450 INDEPENDENT AVE,GRAND JUNCTION,CO,81505,"1450 INDEPENDENT AVE, GRAND JUNCTION, CO 81505",39.0801715,-108.5865958
SPROUTS GRAND PRAIRIE 159,2500 S CARRIER PKWY STE BPRKWY,GRAND PRAIRIE,TX,75052,"2500 S CARRIER PKWY STE BPRKWY, GRAND PRAIRIE, TX 75052",,
SPROUTS GREELEY 308,4759 29TH ST UNIT B,GREELEY,CO,80634,"4759 29TH ST UNIT B, GREELEY, CO 80634",,
SPROUTS GREEN VALLEY 42,18755 S NOGALES HWY,GREEN VALLEY,AZ,85614,"18755 S NOGALES HWY, GREEN VALLEY, AZ 85614",31.9084618,-110.9791011
SPROUTS GREENSBORO 544,3357 BATTLEGROUND AVE,GREENSBORO,NC,27410,"3357 BATTLEGROUND AVE, GREENSBORO, NC 27410",36.1208242,-79.8458549
SPROUTS GREENVILLE 565,2435 E NORTH ST STE 1106,GREENVILLE,SC,29615,"2435 E NORTH ST STE 1106, GREENVILLE, SC 29615",,
SPROUTS GREENWOOD VILLAGE 317,8557 E ARAPAHOE RD # 8,GREENWOOD VILLAGE,CO,80112,"8557 E ARAPAHOE RD # 8, GREENWOOD VILLAGE, CO 80112",,
SPROUTS HACIENDA HEIGHTS 479,2060 S HACIENDA BLVD,HACIENDA HEIGHTS,CA,91745,"2060 S HACIENDA BLVD, HACIENDA HEIGHTS, CA 91745",33.9965367,-117.9677384
SPROUTS HADDON TOWNSHIP 946,640 W CUTHBERT BLVD,HADDON TOWNSHIP,NJ,81083,"640 W CUTHBERT BLVD, HADDON TOWNSHIP, NJ 81083",39.9009448,-75.0618864
SPROUTS HARTSDALE 831,393 N CENTRAL AVE STE B,HARTSDALE,NY,10530,"393 N CENTRAL AVE STE B, HARTSDALE, NY 10530",,
SPROUTS HAYMARKET 894,14951 HEATHCOTE BLVD,HAYMARKET,VA,20169,"14951 HEATHCOTE BLVD, HAYMARKET, VA 20169",38.8198421,-77.6360699
SPROUTS HAYWARD 449,26207 MISSION BLVD,HAYWARD,CA,94544,"26207 MISSION BLVD, HAYWARD, CA 94544",37.6503945,-122.0661676
SPROUTS HEMET 235,2207 W FLORIDA AVE,HEMET,CA,92545,"2207 W FLORIDA AVE, HEMET, CA 92545",33.7457416,-116.9953264
SPROUTS HENDERSON 503,635 S GREEN VALLEY PKWY,HENDERSON,NV,89052,"635 S GREEN VALLEY PKWY, HENDERSON, NV 89052",36.0047434,-115.0833021
SPROUTS HENDERSON 504,515 N STEPHANIE ST,HENDERSON,NV,89014,"515 N STEPHANIE ST, HENDERSON, NV 89014",36.0568861,-115.0483361
SPROUTS HENDERSON 562,280 W LAKER MEAD PKWY,HENDERSON,NV,89015,"280 W LAKER MEAD PKWY, HENDERSON, NV 89015",,
SPROUTS HERNDON 886,494 ELDEN ST,HERNDON,VA,20170,"494 ELDEN ST, HERNDON, VA 20170",38.9690032,-77.3774269
SPROUTS HOLLADAY 604,1785 E MURRAY HOLLADAY RD,HOLLADAY,UT,84117,"1785 E MURRAY HOLLADAY RD, HOLLADAY, UT 84117",40.6671132,-111.8407871
SPROUTS HOMESTEAD 641,2631 NE 10TH CT STE 111,HOMESTEAD,FL,33033,"2631 NE 10TH CT STE 111, HOMESTEAD, FL 33033",,
SPROUTS HOOVER 480,5250 MEDFORD DR STE 120,HOOVER,AL,35244,"5250 MEDFORD DR STE 120, HOOVER, AL 35244",,
SPROUTS HOUSTON 130,22506 HIGHWAY 249,HOUSTON,TX,77070,"22506 HIGHWAY 249, HOUSTON, TX 77070",,
SPROUTS HOUSTON 131,7055 HIGHWAY 6 N,HOUSTON,TX,77095,"7055 HIGHWAY 6 N, HOUSTON, TX 77095",29.8803252,-95.6469388
SPROUTS HOUSTON 136,195 YALE ST STE 100,HOUSTON,TX,77007,"195 YALE ST STE 100, HOUSTON, TX 77007",,
SPROUTS HUNTINGTON BEACH 212,9861 ADAMS AVE,HUNTINGTON BEACH,CA,92646,"9861 ADAMS AVE, HUNTINGTON BEACH, CA 92646",33.6732962,-117.9553815
SPROUTS HUNTINGTON BEACH 277,6942 WARNER AVE,HUNTINGTON BEACH,CA,92647,"6942 WARNER AVE, HUNTINGTON BEACH, CA 92647",33.7144765,-118.0076554
SPROUTS HURST 142,316 GRAPEVINE HWY,HURST,TX,76054,"316 GRAPEVINE HWY, HURST, TX 76054",32.8692243,-97.1718463
SPROUTS INDIAN WELLS 468,74895 US HIGHWAY 111,INDIAN WELLS,CA,92210,"74895 US HIGHWAY 111, INDIAN WELLS, CA 92210",,
SPROUTS INGLEWOOD 753,8451 CRENSHAW BLVD,INGLEWOOD,CA,90305,"8451 CRENSHAW BLVD, INGLEWOOD, CA 90305",33.9605966,-118.3265777
SPROUTS IRVINE 206,3775 ALTON PKWY,IRVINE,CA,92606,"3775 ALTON PKWY, IRVINE, CA 92606",33.6844636,-117.8150017
SPROUTS IRVING 158,7730 N MACARTHUR BLVD STE 150,IRVING,TX,75063,"7730 N MACARTHUR BLVD STE 150, IRVING, TX 75063",,
SPROUTS JACKSONVILLE 624,4873 TOWN CENTER PKWY STE 111,JACKSONVILLE,FL,32246,"4873 TOWN CENTER PKWY STE 111, JACKSONVILLE, FL 32246",,
SPROUTS JACKSONVILLE 627,12675 BEACH BLVD STE 111,JACKSONVILLE,FL,32246,"12675 BEACH BLVD STE 111, JACKSONVILLE, FL 32246",,
SPROUTS JOHNS CREEK 516,3630 PEACHTREE PKWY STE 99,JOHNS CREEK,GA,30024,"3630 PEACHTREE PKWY STE 99, JOHNS CREEK, GA 30024",,
SPROUTS JUPITER 625,3757 MILITARY TRL STE 111,JUPITER,FL,33458,"3757 MILITARY TRL STE 111, JUPITER, FL 33458",,
SPROUTS KANSAS CITY 721,8383 N BOOTH AVE,KANSAS CITY,MO,64158,"8383 N BOOTH AVE, KANSAS CITY, MO 64158",39.2436211,-94.4746594
SPROUTS KANSAS CITY 722,6061 NW 64TH ST,KANSAS CITY,MO,64151,"6061 NW 64TH ST, KANSAS CITY, MO 64151",39.2098515,-94.650264
SPROUTS KATY 127,23105 CINCO RANCH BLVD,KATY,TX,77494,"23105 CINCO RANCH BLVD, KATY, TX 77494",29.7434836,-95.7693617
SPROUTS KELLER 134,2003 S MAIN ST,KELLER,TX,76248,"2003 S MAIN ST, KELLER, TX 76248",32.8975691,-97.2554545
SPROUTS KENNETH CITY 655,4571 66TH ST N STE 111,KENNETH CITY,FL,33709,"4571 66TH ST N STE 111, KENNETH CITY, FL 33709",,
SPROUTS KINGWOOD 178,4303 KINGWOOD DR STE 100,KINGWOOD,TX,77339,"4303 KINGWOOD DR STE 100, KINGWOOD, TX 77339",,
SPROUTS KNOXVILLE 587,9622 KINGSTON PIKE,KNOXVILLE,TN,37922,"9622 KINGSTON PIKE, KNOXVILLE, TN 37922",35.906185,-84.1098063
SPROUTS KYLE 189,150 HEROES MEMORIAL DR,KYLE,TX,78640,"150 HEROES MEMORIAL DR, KYLE, TX 78640",30.0304219,-97.8735794
SPROUTS LA CANADA 261,920 FOOTHILL BLVD,LA CANADA,CA,91011,"920 FOOTHILL BLVD, LA CANADA, CA 91011",34.203386,-118.1985872
SPROUTS LA HABRA 286,1431 W IMPERIAL HWY,LA HABRA,CA,90631,"1431 W IMPERIAL HWY, LA HABRA, CA 90631",33.9187745,-117.9621206
SPROUTS LA MESA 225,4630 PALM AVE,LA MESA,CA,91941,"4630 PALM AVE, LA MESA, CA 91941",32.7628429,-117.0180265
SPROUTS LA QUINTA 246,79050 HIGHWAY 111,LA QUINTA,CA,92253,"79050 HIGHWAY 111, LA QUINTA, CA 92253",33.7089522,-116.2879208
SPROUTS LA VERNE 418,1375 FOOTHILL BLVD,LA VERNE,CA,91750,"1375 FOOTHILL BLVD, LA VERNE, CA 91750",34.1187895,-117.7775267
SPROUTS LAFAYETTE 319,555 W SOUTH BOULDER RD STE A,LAFAYETTE,CO,80026,"555 W SOUTH BOULDER RD STE A, LAFAYETTE, CO 80026",,
SPROUTS LAGUNA NIGUEL 237,27271 LA PAZ RD,LAGUNA NIGUEL,CA,92677,"27271 LA PAZ RD, LAGUNA NIGUEL, CA 92677",33.5674292,-117.7093026
SPROUTS LAKE FOREST 439,24332 ROCKFIELD BLVD,LAKE FOREST,CA,92630,"24332 ROCKFIELD BLVD, LAKE FOREST, CA 92630",33.6156786,-117.705175
SPROUTS LAKELAND 578,9050 US HIGHWAY 64,LAKELAND,TN,38002,"9050 US HIGHWAY 64, LAKELAND, TN 38002",,
SPROUTS LAKEWOOD 260,4253 WOODRUFF AVE,LAKEWOOD,CA,90713,"4253 WOODRUFF AVE, LAKEWOOD, CA 90713",33.8356136,-118.1176275
SPROUTS LAKEWOOD 327,98 WADSWORTH BLVD UNIT 112,LAKEWOOD,CO,80226,"98 WADSWORTH BLVD UNIT 112, LAKEWOOD, CO 80226",,
SPROUTS LANCASTER 459,43668 15TH ST W,LANCASTER,CA,93534,"43668 15TH ST W, LANCASTER, CA 93534",34.6764078,-118.1546237
SPROUTS LANSDALE 859,751 HORSHAM RD UNIT B1,LANSDALE,PA,19446,"751 HORSHAM RD UNIT B1, LANSDALE, PA 19446",,
SPROUTS LARGO 662,2156 E BAY DR,LARGO,FL,33771,"2156 E BAY DR, LARGO, FL 33771",27.9166321,-82.7644327
SPROUTS LAS CRUCES 709,2340 E LOHMAN AVE STE B,LAS CRUCES,NM,88001,"2340 E LOHMAN AVE STE B, LAS CRUCES, NM 88001",,
SPROUTS LAS VEGAS 501,3365 E TROPICANA AVE,LAS VEGAS,NV,89121,"3365 E TROPICANA AVE, LAS VEGAS, NV 89121",36.09878,-115.1021074
SPROUTS LAS VEGAS 502,4020 S RAINBOW BLVD,LAS VEGAS,NV,89103,"4020 S RAINBOW BLVD, LAS VEGAS, NV 89103",36.1153289,-115.2411637
SPROUTS LAS VEGAS 506,8441 FARM RD,LAS VEGAS,NV,89131,"8441 FARM RD, LAS VEGAS, NV 89131",36.2990792,-115.2791416
SPROUTS LAS VEGAS 507,7530 W LAKE MEAD BLVD,LAS VEGAS,NV,89128,"7530 W LAKE MEAD BLVD, LAS VEGAS, NV 89128",36.1975848,-115.2588553
SPROUTS LAS VEGAS 509,1140 E SILVERADO RANCH BLVD,LAS VEGAS,NV,89183,"1140 E SILVERADO RANCH BLVD, LAS VEGAS, NV 89183",36.0145711,-115.1381754
SPROUTS LAS VEGAS 510,7375 S RAINBOW BLVD,LAS VEGAS,NV,89139,"7375 S RAINBOW BLVD, LAS VEGAS, NV 89139",36.0544235,-115.2453448
SPROUTS LAS VEGAS 558,6150 N DECATUR BLVD,LAS VEGAS,NV,89130,"6150 N DECATUR BLVD, LAS VEGAS, NV 89130",36.2723288,-115.2049801
SPROUTS LAS VEGAS 559,771 S RAINBOW BLVD STE 130,LAS VEGAS,NV,89145,"771 S RAINBOW BLVD STE 130, LAS VEGAS, NV 89145",,
SPROUTS LATHROP 466,16576 GOLDEN VALLEY PKWY,LATHROP,CA,95330,"16576 GOLDEN VALLEY PKWY, LATHROP, CA 95330",37.8101197,-121.2975622
SPROUTS LAVEEN 40,7700 S 59TH AVE,LAVEEN,AZ,85339,"7700 S 59TH AVE, LAVEEN, AZ 85339",33.3760355,-112.1879145
SPROUTS LAWNDALE 478,14411 HAWTHORNE BLVD,LAWNDALE,CA,90260,"14411 HAWTHORNE BLVD, LAWNDALE, CA 90260",33.9006769,-118.3522751
SPROUTS LAWRENCE 173,4740 BAUER FARM DR,LAWRENCE,KS,66049,"4740 BAUER FARM DR, LAWRENCE, KS 66049",38.9733913,-95.3045384
SPROUTS LAWRENCEVILLE 512,1250 SCENIC HWY STE 1704,LAWRENCEVILLE,GA,30045,"1250 SCENIC HWY STE 1704, LAWRENCEVILLE, GA 30045",,
SPROUTS LECANTO 665,3209 W NORVELL BRYANT HWY,LECANTO,FL,34461,"3209 W NORVELL BRYANT HWY, LECANTO, FL 34461",28.8924585,-82.4674139
SPROUTS LEE'S SUMMIT 723,800 NE HWY 291,LEE'S SUMMIT,MO,64086,"800 NE HWY 291, LEE'S SUMMIT, MO 64086",,
SPROUTS LEESBURG 888,1021B EDWARDS FERRY RD NE,LEESBURG,VA,20176,"1021B EDWARDS FERRY RD NE, LEESBURG, VA 20176",39.113564,-77.5575485
SPROUTS LEMON GROVE 233,3205 LEMON GROVE AVE,LEMON GROVE,CA,91945,"3205 LEMON GROVE AVE, LEMON GROVE, CA 91945",32.7404915,-117.0299737
SPROUTS LENEXA 174,8550 MAURER RD,LENEXA,KS,66219,"8550 MAURER RD, LENEXA, KS 66219",38.973426,-94.7715854
SPROUTS LINCOLN 428,115 FERRARI RANCH RD,LINCOLN,CA,95648,"115 FERRARI RANCH RD, LINCOLN, CA 95648",38.8737167,-121.3021842
SPROUTS LODI 431,250 E HARNEY LN,LODI,CA,95240,"250 E HARNEY LN, LODI, CA 95240",38.1001257,-121.2685596
SPROUTS LONE TREE 309,10018 COMMONS ST,LONE TREE,CO,80124,"10018 COMMONS ST, LONE TREE, CO 80124",39.5341944,-104.8798832
SPROUTS LONG BEACH 487,4600 E PACIFIC COAST HWY,LONG BEACH,CA,90804,"4600 E PACIFIC COAST HWY, LONG BEACH, CA 90804",33.7871002,-118.1387021
SPROUTS LONGMONT 323,1101 S HOVER ST,LONGMONT,CO,80501,"1101 S HOVER ST, LONGMONT, CO 80501",40.1459508,-105.1333749
SPROUTS LONGVIEW 186,2547 JUDSON RD,LONGVIEW,TX,75605,"2547 JUDSON RD, LONGVIEW, TX 75605",32.540267,-94.7457951
SPROUTS LOS ANGELES 275,1751 WESTWOOD BLVD,LOS ANGELES,CA,90024,"1751 WESTWOOD BLVD, LOS ANGELES, CA 90024",34.0510922,-118.438539
SPROUTS LOS ANGELES 285,915 N LA BREA AVE,LOS ANGELES,CA,90038,"915 N LA BREA AVE, LOS ANGELES, CA 90038",34.0873062,-118.344424
SPROUTS LOS ANGELES 411,8985 VENICE BLVD STE B-1,LOS ANGELES,CA,90034,"8985 VENICE BLVD STE B-1, LOS ANGELES, CA 90034",,
SPROUTS LOS ANGELES 437,1302 S LA BREA AVE,LOS ANGELES,CA,90019,"1302 S LA BREA AVE, LOS ANGELES, CA 90019",34.0490884,-118.3439284
SPROUTS LOS ANGELES 486,1433 GLENDALE BLVD,LOS ANGELES,CA,90026,"1433 GLENDALE BLVD, LOS ANGELES, CA 90026",34.0811451,-118.2606815
SPROUTS LOVELAND 330,1440 N LINCOLN AVE,LOVELAND,CO,80538,"1440 N LINCOLN AVE, LOVELAND, CO 80538",40.408111,-105.0722426
SPROUTS LUBBOCK 124,8201 QUAKER AVE UNIT 140,LUBBOCK,TX,79424,"8201 QUAKER AVE UNIT 140, LUBBOCK, TX 79424",,
SPROUTS LUTZ 667,23046 STATE ROAD 54,LUTZ,FL,33549,"23046 STATE ROAD 54, LUTZ, FL 33549",,
SPROUTS MADISON 481,7504 HIGHWAY 72 W STE B,MADISON,AL,35758,"7504 HIGHWAY 72 W STE B, MADISON, AL 35758",,
SPROUTS MADISON 586,2156 GALLATIN PIKE N,MADISON,TN,37115,"2156 GALLATIN PIKE N, MADISON, TN 37115",,
SPROUTS MANASSAS 887,8431 SUDLEY RD,MANASSAS,VA,20109,"8431 SUDLEY RD, MANASSAS, VA 20109",38.7738394,-77.4992771
SPROUTS MANSFIELD 143,1550 E DEBBIE LN,MANSFIELD,TX,76063,"1550 E DEBBIE LN, MANSFIELD, TX 76063",32.606047,-97.1130632
SPROUTS MARICOPA 45,20300 N JOHN WAYNE PKWY,MARICOPA,AZ,85139,"20300 N JOHN WAYNE PKWY, MARICOPA, AZ 85139",33.0641142,-112.0504437
SPROUTS MARIETTA 521,4101 ROSWELL RD STE 700,MARIETTA,GA,30062,"4101 ROSWELL RD STE 700, MARIETTA, GA 30062",,
SPROUTS MARIETTA 526,3805 DALLAS HWY SW STE 200,MARIETTA,GA,30064,"3805 DALLAS HWY SW STE 200, MARIETTA, GA 30064",,
SPROUTS MARLTON CROSSING 945,237 ROUTE 73 S,MARLTON CROSSING,NJ,80534,"237 ROUTE 73 S, MARLTON CROSSING, NJ 80534",,
SPROUTS MCALLEN 121,5800 N 10TH ST STE 200,MCALLEN,TX,78504,"5800 N 10TH ST STE 200, MCALLEN, TX 78504",,
SPROUTS MCDONOUGH 532,1040 CHEN PKWY,MCDONOUGH,GA,30253,"1040 CHEN PKWY, MCDONOUGH, GA 30253",,
SPROUTS MCKINNEY 132,9241 VIRGINIA PKWY,MCKINNEY,TX,75071,"9241 VIRGINIA PKWY, MCKINNEY, TX 75071",33.202325,-96.7351434
SPROUTS MCKINNEY 168,2201 VIRGINIA PKWY,MCKINNEY,TX,75071,"2201 VIRGINIA PKWY, MCKINNEY, TX 75071",33.1986383,-96.6413127
SPROUTS MELBOURNE 663,5185 N WICKHAM RD,MELBOURNE,FL,32940,"5185 N WICKHAM RD, MELBOURNE, FL 32940",28.196727,-80.67187
SPROUTS MEMPHIS 583,576 S PERKINS RD,MEMPHIS,TN,38117,"576 S PERKINS RD, MEMPHIS, TN 38117",35.1154308,-89.9070486
SPROUTS MENIFEE 443,27281 NEWPORT RD,MENIFEE,CA,92584,"27281 NEWPORT RD, MENIFEE, CA 92584",33.683222,-117.1833542
SPROUTS MERCED 461,171 E YOSEMITE AVE,MERCED,CA,95340,"171 E YOSEMITE AVE, MERCED, CA 95340",37.333535,-120.4672762
SPROUTS MESA 34,2060 E BASELINE RD,MESA,AZ,85204,"2060 E BASELINE RD, MESA, AZ 85204",33.380911,-111.7867454
SPROUTS MESA 37,5918 E LONGBOW PKWY,MESA,AZ,85215,"5918 E LONGBOW PKWY, MESA, AZ 85215",33.473863,-111.7026948
SPROUTS MESA 43,1240 S SIGNAL BUTTE RD,MESA,AZ,85209,"1240 S SIGNAL BUTTE RD, MESA, AZ 85209",33.3921316,-111.5995814
SPROUTS MESA 5,1933 E BROWN RD,MESA,AZ,85203,"1933 E BROWN RD, MESA, AZ 85203",33.4370957,-111.7894043
SPROUTS MESA 55,5131 S ELLSWORTH RD,MESA,AZ,85212,"5131 S ELLSWORTH RD, MESA, AZ 85212",33.3506509,-111.6358203
SPROUTS MESQUITE 155,1220 N TOWN EAST BLVD STE 650,MESQUITE,TX,75150,"1220 N TOWN EAST BLVD STE 650, MESQUITE, TX 75150",,
SPROUTS MIAMI 638,12500 SW 88TH ST STE 111,MIAMI,FL,33186,"12500 SW 88TH ST STE 111, MIAMI, FL 33186",,
SPROUTS MIAMI 656,2750 SW 27TH TER STE 102,MIAMI,FL,33133,"2750 SW 27TH TER STE 102, MIAMI, FL 33133",,
SPROUTS MIDDLETOWN 817,431 MIDDLETOWN WARWICK RD,MIDDLETOWN,DE,19709,"431 MIDDLETOWN WARWICK RD, MIDDLETOWN, DE 19709",39.4536155,-75.7236288
SPROUTS MILL CREEK 456,13314 BOTHELL EVERETT HWY,MILL CREEK,WA,98012,"13314 BOTHELL EVERETT HWY, MILL CREEK, WA 98012",47.8768136,-122.2143616
SPROUTS MIRAMAR 626,12216 MIRAMAR PKWY STE 111,MIRAMAR,FL,33025,"12216 MIRAMAR PKWY STE 111, MIRAMAR, FL 33025",,
SPROUTS MISSION VIEJO 242,27765 SANTA MARGARITA PKWY,MISSION VIEJO,CA,92691,"27765 SANTA MARGARITA PKWY, MISSION VIEJO, CA 92691",33.6523907,-117.6460634
SPROUTS MODESTO 265,1700 MCHENRY AVE,MODESTO,CA,95350,"1700 MCHENRY AVE, MODESTO, CA 95350",37.6701158,-120.9930781
SPROUTS MONROVIA 257,432 W HUNTINGTON DR,MONROVIA,CA,91016,"432 W HUNTINGTON DR, MONROVIA, CA 91016",34.1402132,-118.0079275
SPROUTS MORENO VALLEY 447,24101 HEMLOCK AVE,MORENO VALLEY,CA,92557,"24101 HEMLOCK AVE, MORENO VALLEY, CA 92557",33.941835,-117.242605
SPROUTS MOUNT JULIET 588,1919 N MOUNT JULIET RD,MOUNT JULIET,TN,37122,"1919 N MOUNT JULIET RD, MOUNT JULIET, TN 37122",36.1969679,-86.5195487
SPROUTS MURFREESBORO 581,143 WENDELWOOD DR,MURFREESBORO,TN,37129,"143 WENDELWOOD DR, MURFREESBORO, TN 37129",,
SPROUTS MURPHY 107,207 E FM 544,MURPHY,TX,75094,"207 E FM 544, MURPHY, TX 75094",33.0132901,-96.6082933
SPROUTS MURRAY 601,6284 S STATE ST,MURRAY,UT,84107,"6284 S STATE ST, MURRAY, UT 84107",40.6364401,-111.8893386
SPROUTS NAPLES 615,2224 LOGAN BLVD N STE 111,NAPLES,FL,34119,"2224 LOGAN BLVD N STE 111, NAPLES, FL 34119",,
SPROUTS NAPLES 675,5351 AIRPORT RD N,NAPLES,FL,34109,"5351 AIRPORT RD N, NAPLES, FL 34109",,
SPROUTS NASHVILLE 582,7620 HIGHWAY 70 S,NASHVILLE,TN,37221,"7620 HIGHWAY 70 S, NASHVILLE, TN 37221",36.0800104,-86.9490038
SPROUTS NASHVILLE 585,5821 NOLENSVILLE PIKE,NASHVILLE,TN,37211,"5821 NOLENSVILLE PIKE, NASHVILLE, TN 37211",36.0417685,-86.7141166
SPROUTS NEW BRAUNFELS 187,275 CREEKSIDE XING,NEW BRAUNFELS,TX,78130,"275 CREEKSIDE XING, NEW BRAUNFELS, TX 78130",29.7216942,-98.0739175
SPROUTS NEW PORT RICHEY 622,8840 STRENGTH AVE STE 111,NEW PORT RICHEY,FL,34655,"8840 STRENGTH AVE STE 111, NEW PORT RICHEY, FL 34655",,
SPROUTS NEWARK 424,6399 JARVIS AVE,NEWARK,CA,94560,"6399 JARVIS AVE, NEWARK, CA 94560",37.547943,-122.051599
SPROUTS NORCROSS 513,5130 PEACHTREE PKWY # 100,NORCROSS,GA,30092,"5130 PEACHTREE PKWY # 100, NORCROSS, GA 30092",,
SPROUTS NORMAN 803,555 W MAIN ST,NORMAN,OK,73069,"555 W MAIN ST, NORMAN, OK 73069",35.2190052,-97.4503113
SPROUTS NORTH LAS VEGAS 561,6506 N LOSEE RD,NORTH LAS VEGAS,NV,89086,"6506 N LOSEE RD, NORTH LAS VEGAS, NV 89086",,
SPROUTS NORWALK 451,11522 ALONDRA BLVD,NORWALK,CA,90650,"11522 ALONDRA BLVD, NORWALK, CA 90650",33.8865491,-118.0874173
SPROUTS OAKLAND 279,3035 BROADWAY,OAKLAND,CA,94611,"3035 BROADWAY, OAKLAND, CA 94611",37.8189738,-122.2622568
SPROUTS OAKLAND PARK 637,700 E OAKLAND PARK BLVD STE 11,OAKLAND PARK,FL,33334,"700 E OAKLAND PARK BLVD STE 11, OAKLAND PARK, FL 33334",,
SPROUTS OCALA 671,8430 SW HIGHWAY 200,OCALA,FL,34481,"8430 SW HIGHWAY 200, OCALA, FL 34481",,
SPROUTS OCEANSIDE 250,471 COLLEGE BLVD STE 1,OCEANSIDE,CA,92057,"471 COLLEGE BLVD STE 1, OCEANSIDE, CA 92057",,
SPROUTS OKLAHOMA CITY 801,6410 N MAY AVE,OKLAHOMA CITY,OK,73116,"6410 N MAY AVE, OKLAHOMA CITY, OK 73116",35.5376722,-97.564747
SPROUTS OKLAHOMA CITY 808,12200 N MACARTHUR BLVD STE C,OKLAHOMA CITY,OK,73162,"12200 N MACARTHUR BLVD STE C, OKLAHOMA CITY, OK 73162",,
SPROUTS OKLAHOMA CITY 812,12100 S PENNSYLVANIA AVE,OKLAHOMA CITY,OK,73170,"12100 S PENNSYLVANIA AVE, OKLAHOMA CITY, OK 73170",35.3469888,-97.5467517
SPROUTS ORANGE 211,1500 E VILLAGE WAY STE 2279,ORANGE,CA,92865,"1500 E VILLAGE WAY STE 2279, ORANGE, CA 92865",,
SPROUTS OREM 602,1375 S STATE ST,OREM,UT,84097,"1375 S STATE ST, OREM, UT 84097",40.2955663,-111.6943174
SPROUTS ORLANDO 634,7603 TURKEY LAKE RD STE 101,ORLANDO,FL,32819,"7603 TURKEY LAKE RD STE 101, ORLANDO, FL 32819",,
SPROUTS ORLANDO 642,2530 E COLONIAL DR STE 111,ORLANDO,FL,32803,"2530 E COLONIAL DR STE 111, ORLANDO, FL 32803",,
SPROUTS ORLANDO 651,12500 LAKE UNDERHILL RD STE 11,ORLANDO,FL,32828,"12500 LAKE UNDERHILL RD STE 11, ORLANDO, FL 32828",,
SPROUTS ORLANDO 677,10013 EAGLE CREEK SANCTUARY BL,ORLANDO,FL,32832,"10013 EAGLE CREEK SANCTUARY BL, ORLANDO, FL 32832",,
SPROUTS ORO VALLEY 11,7665 N ORACLE RD,ORO VALLEY,AZ,85704,"7665 N ORACLE RD, ORO VALLEY, AZ 85704",32.3465367,-110.9780097
SPROUTS OVERLAND PARK 171,6821 W 135TH ST,OVERLAND PARK,KS,66223,"6821 W 135TH ST, OVERLAND PARK, KS 66223",38.8821989,-94.6654514
SPROUTS OVERLAND PARK 176,9628 NALL AVE,OVERLAND PARK,KS,66207,"9628 NALL AVE, OVERLAND PARK, KS 66207",38.9548373,-94.6495106
SPROUTS OVIEDO 621,1121 ALAFAYA TRL STE 111,OVIEDO,FL,32765,"1121 ALAFAYA TRL STE 111, OVIEDO, FL 32765",,
SPROUTS OWASSO 807,9601 N 133RD EAST AVE,OWASSO,OK,74055,"9601 N 133RD EAST AVE, OWASSO, OK 74055",36.2944097,-95.8260225
SPROUTS PALM HARBOR 611,33650 US HIGHWAY 19 N STE 111,PALM HARBOR,FL,34684,"33650 US HIGHWAY 19 N STE 111, PALM HARBOR, FL 34684",,
SPROUTS PALM SPRINGS 489,5200 E RAMON RD,PALM SPRINGS,CA,92264,"5200 E RAMON RD, PALM SPRINGS, CA 92264",33.8174568,-116.4925214
SPROUTS PALMDALE 454,39258 10TH ST W,PALMDALE,CA,93551,"39258 10TH ST W, PALMDALE, CA 93551",34.5970075,-118.145326
SPROUTS PARAMOUNT 492,15121 PARAMOUNT BLVD,PARAMOUNT,CA,90723,"15121 PARAMOUNT BLVD, PARAMOUNT, CA 90723",33.8961162,-118.1601476
SPROUTS PARKER 302,9751 S PARKER RD,PARKER,CO,80134,"9751 S PARKER RD, PARKER, CO 80134",39.5064659,-104.7633137
SPROUTS PASADENA 217,39 N ROSEMEAD BLVD,PASADENA,CA,91107,"39 N ROSEMEAD BLVD, PASADENA, CA 91107",34.1472457,-118.0740524
SPROUTS PASADENA 919,8048 RITCHIE HWY STE 6B,PASADENA,MD,21122,"8048 RITCHIE HWY STE 6B, PASADENA, MD 21122",,
SPROUTS PEACHTREE CITY 524,2015 HIGHWAY 54,PEACHTREE CITY,GA,30269,"2015 HIGHWAY 54, PEACHTREE CITY, GA 30269",33.4266155,-84.5576456
SPROUTS PEARLAND 146,2718 OLD CHOCOLATE BAYOU RD,PEARLAND,TX,77584,"2718 OLD CHOCOLATE BAYOU RD, PEARLAND, TX 77584",29.5580684,-95.348208
SPROUTS PEORIA 31,10134 W HAPPY VALLEY PKWY,PEORIA,AZ,85383,"10134 W HAPPY VALLEY PKWY, PEORIA, AZ 85383",33.7130167,-112.277549
SPROUTS PEORIA 6,8375 W THUNDERBIRD RD,PEORIA,AZ,85381,"8375 W THUNDERBIRD RD, PEORIA, AZ 85381",33.60852,-112.2392
SPROUTS PETALUMA 274,401 KENILWORTH DR STE 1040,PETALUMA,CA,94952,"401 KENILWORTH DR STE 1040, PETALUMA, CA 94952",,
SPROUTS PHILADELPHIA 850,1000 S BROAD ST,PHILADELPHIA,PA,19146,"1000 S BROAD ST, PHILADELPHIA, PA 19146",39.9389904,-75.167585
SPROUTS PHILADELPHIA 853,501 N CHRISTOPHER COLUMBUS BLV,PHILADELPHIA,PA,19123,"501 N CHRISTOPHER COLUMBUS BLV, PHILADELPHIA, PA 19123",,
SPROUTS PHILADELPHIA 854,2327 COTTMAN AVE,PHILADELPHIA,PA,19149,"2327 COTTMAN AVE, PHILADELPHIA, PA 19149",40.0488645,-75.0576603
SPROUTS PHILADELPHIA 855,2370 W OREGON AVE,PHILADELPHIA,PA,19145,"2370 W OREGON AVE, PHILADELPHIA, PA 19145",39.9148671,-75.1561873
SPROUTS PHOENIX 16,4735 E RAY RD STE 100,PHOENIX,AZ,85044,"4735 E RAY RD STE 100, PHOENIX, AZ 85044",,
SPROUTS PHOENIX 17,1625 E GLENDALE AVE,PHOENIX,AZ,85020,"1625 E GLENDALE AVE, PHOENIX, AZ 85020",33.5376913,-112.046188
SPROUTS PHOENIX 18,245 E BELL RD STE 15,PHOENIX,AZ,85022,"245 E BELL RD STE 15, PHOENIX, AZ 85022",,
SPROUTS PHOENIX 4,12415 N TATUM BLVD,PHOENIX,AZ,85032,"12415 N TATUM BLVD, PHOENIX, AZ 85032",33.599512,-111.9785067
SPROUTS PHOENIX 41,3320 N 7TH AVE,PHOENIX,AZ,85013,"3320 N 7TH AVE, PHOENIX, AZ 85013",33.4872217,-112.0845198
SPROUTS PHOENIX 51,34750 N NORTH VALLEY PKWY,PHOENIX,AZ,85086,"34750 N NORTH VALLEY PKWY, PHOENIX, AZ 85086",33.7998285,-112.1316073
SPROUTS PHOENIX 7,8040 N 19TH AVE,PHOENIX,AZ,85021,"8040 N 19TH AVE, PHOENIX, AZ 85021",33.5545625,-112.1011674
SPROUTS PHOENIX 8,2824 E INDIAN SCHOOL RD,PHOENIX,AZ,85016,"2824 E INDIAN SCHOOL RD, PHOENIX, AZ 85016",33.4959784,-112.0198276
SPROUTS PHOENIX 9,4201 W THUNDERBIRD RD,PHOENIX,AZ,85053,"4201 W THUNDERBIRD RD, PHOENIX, AZ 85053",33.6092425,-112.1485649
SPROUTS PHOENIX 990,20650 N 56TH ST,PHOENIX,AZ,85054,"20650 N 56TH ST, PHOENIX, AZ 85054",33.6735386,-111.959851
SPROUTS PINOLE 401,1300 PINOLE VALLEY RD,PINOLE,CA,94564,"1300 PINOLE VALLEY RD, PINOLE, CA 94564",37.9996551,-122.287196
SPROUTS PITTSBURG 474,2201 W LELAND RD,PITTSBURG,CA,94565,"2201 W LELAND RD, PITTSBURG, CA 94565",38.019209,-121.964193
SPROUTS PLANO 101,4100 LEGACY DR STE 401,PLANO,TX,75024,"4100 LEGACY DR STE 401, PLANO, TX 75024",,
SPROUTS POINCIANA 664,4730 MARIGOLD AVE,POINCIANA,FL,34758,"4730 MARIGOLD AVE, POINCIANA, FL 34758",28.1784133,-81.4866804
SPROUTS PORT CHARLOTTE 658,2000 TAMIAMI TRL UNIT 224,PORT CHARLOTTE,FL,33948,"2000 TAMIAMI TRL UNIT 224, PORT CHARLOTTE, FL 33948",,
SPROUTS PORT ST LUCIE 640,1759 NW SAINT LUCIE WEST BLVD,PORT ST LUCIE,FL,34986,"1759 NW SAINT LUCIE WEST BLVD, PORT ST LUCIE, FL 34986",27.3161319,-80.3887167
SPROUTS POWAY 229,13536 POWAY RD,POWAY,CA,92064,"13536 POWAY RD, POWAY, CA 92064",32.9573948,-117.0376042
SPROUTS PRESCOTT 36,174 E SHELDON ST,PRESCOTT,AZ,86301,"174 E SHELDON ST, PRESCOTT, AZ 86301",34.5467017,-112.4676939
SPROUTS PRESCOTT VALLEY 28,5645 EAST SR69,PRESCOTT VALLEY,AZ,86314,"5645 EAST SR69, PRESCOTT VALLEY, AZ 86314",,
SPROUTS PROVIDENCE VILLAGE 170,800 MAIN ST,PROVIDENCE VILLAGE,TX,76227,"800 MAIN ST, PROVIDENCE VILLAGE, TX 76227",,
SPROUTS QUEEN CREEK 32,21181 S ELLSWORTH LOOP RD,QUEEN CREEK,AZ,85142,"21181 S ELLSWORTH LOOP RD, QUEEN CREEK, AZ 85142",33.2561812,-111.6364284
SPROUTS QUEEN CREEK 48,37566 N GANTZEL RD,QUEEN CREEK,AZ,85140,"37566 N GANTZEL RD, QUEEN CREEK, AZ 85140",33.2177386,-111.5634553
SPROUTS RALEIGH 540,9414 FALLS OF NEUSE RD,RALEIGH,NC,27615,"9414 FALLS OF NEUSE RD, RALEIGH, NC 27615",35.9012535,-78.6026219
SPROUTS RANCHO BERNARDO 249,15727 BERNARDO HEIGHTS PKWY,RANCHO BERNARDO,CA,92128,"15727 BERNARDO HEIGHTS PKWY, RANCHO BERNARDO, CA 92128",33.0127112,-117.0759481
SPROUTS RANCHO CORDOVA 452,10846 BEAR HOLLOW DR,RANCHO CORDOVA,CA,95670,"10846 BEAR HOLLOW DR, RANCHO CORDOVA, CA 95670",38.5773353,-121.2822488
SPROUTS RANCHO CUCAMONGA 245,7355 DAY CREEK BLVD,RANCHO CUCAMONGA,CA,91739,"7355 DAY CREEK BLVD, RANCHO CUCAMONGA, CA 91739",34.1199457,-117.535388
SPROUTS RANCHO CUCAMONGA 423,6753 CARNELIAN ST,RANCHO CUCAMONGA,CA,91701,"6753 CARNELIAN ST, RANCHO CUCAMONGA, CA 91701",34.131587,-117.614893
SPROUTS REDDING 436,1401 HILLTOP DR,REDDING,CA,96003,"1401 HILLTOP DR, REDDING, CA 96003",40.5880771,-122.3569671
SPROUTS REDLANDS 421,560 W STUART AVE,REDLANDS,CA,92374,"560 W STUART AVE, REDLANDS, CA 92374",34.0607027,-117.1884126
SPROUTS REDONDO BEACH 222,1515 HAWTHORNE BLVD,REDONDO BEACH,CA,90278,"1515 HAWTHORNE BLVD, REDONDO BEACH, CA 90278",33.868358,-118.3542985
SPROUTS RENO 508,587 S MEADOWNS PARKWAY,RENO,NV,89521,"587 S MEADOWNS PARKWAY, RENO, NV 89521",,
SPROUTS RENO 560,299 E PLUMB LN STE 120,RENO,NV,89502,"299 E PLUMB LN STE 120, RENO, NV 89502",,
SPROUTS RIALTO 450,1524 S RIVERSIDE AVE,RIALTO,CA,92376,"1524 S RIVERSIDE AVE, RIALTO, CA 92376",34.0737183,-117.3722781
SPROUTS RICHARDSON 106,1343 W CAMPBELL RD,RICHARDSON,TX,75080,"1343 W CAMPBELL RD, RICHARDSON, TX 75080",32.9769417,-96.7650648
SPROUTS RICHMOND 128,19160 W BELLFORT ST,RICHMOND,TX,77407,"19160 W BELLFORT ST, RICHMOND, TX 77407",,
SPROUTS RIO RANCHO 710,3575 NM HWY 528 NE,RIO RANCHO,NM,87144,"3575 NM HWY 528 NE, RIO RANCHO, NM 87144",,
SPROUTS RIVERSIDE 210,475 E ALESSANDRO BLVD,RIVERSIDE,CA,92508,"475 E ALESSANDRO BLVD, RIVERSIDE, CA 92508",33.9139778,-117.3233769
SPROUTS RIVERVIEW 623,12960 S. US HIGHWAY 301,RIVERVIEW,FL,33578,"12960 S. US HIGHWAY 301, RIVERVIEW, FL 33578",,
SPROUTS ROCKWALL 166,469 E INTERSTATE 30,ROCKWALL,TX,75087,"469 E INTERSTATE 30, ROCKWALL, TX 75087",32.8939429,-96.472238
SPROUTS ROSEVILLE 408,2030 DOUGLAS BLVD STE C,ROSEVILLE,CA,95661,"2030 DOUGLAS BLVD STE C, ROSEVILLE, CA 95661",,
SPROUTS ROSWELL 520,10800 ALPHARETTA HWY,ROSWELL,GA,30076,"10800 ALPHARETTA HWY, ROSWELL, GA 30076",34.0433381,-84.3415684
SPROUTS ROUND ROCK 110,110 N INTERSTATE 35,ROUND ROCK,TX,78681,"110 N INTERSTATE 35, ROUND ROCK, TX 78681",30.5092774,-97.6881647
SPROUTS ROWLETT 145,3001 LAKEVIEW PKWY,ROWLETT,TX,75088,"3001 LAKEVIEW PKWY, ROWLETT, TX 75088",32.9087649,-96.5734128
SPROUTS SACRAMENTO 267,4408 DEL RIO RD,SACRAMENTO,CA,95822,"4408 DEL RIO RD, SACRAMENTO, CA 95822",38.5363945,-121.504848
SPROUTS SACRAMENTO 422,2810 DEL PASO RD,SACRAMENTO,CA,95834,"2810 DEL PASO RD, SACRAMENTO, CA 95834",38.6546427,-121.5239065
SPROUTS SACRAMENTO 434,2735 MARCONI AVE,SACRAMENTO,CA,95821,"2735 MARCONI AVE, SACRAMENTO, CA 95821",38.6193357,-121.3983183
SPROUTS SALT LAKE CITY 603,216 S 700 E,SALT LAKE CITY,UT,84102,"216 S 700 E, SALT LAKE CITY, UT 84102",40.7645674,-111.8727082
SPROUTS SAN ANTONIO 118,8101 CALLAGHAN RD,SAN ANTONIO,TX,78230,"8101 CALLAGHAN RD, SAN ANTONIO, TX 78230",29.513826,-98.5516197
SPROUTS SAN ANTONIO 123,22135 BULVERDE RD,SAN ANTONIO,TX,78259,"22135 BULVERDE RD, SAN ANTONIO, TX 78259",29.6467637,-98.4277319
SPROUTS SAN ANTONIO 161,9702 STATE HIGHWAY 151,SAN ANTONIO,TX,78251,"9702 STATE HIGHWAY 151, SAN ANTONIO, TX 78251",29.4451201,-98.672989
SPROUTS SAN CLEMENTE 296,550 CAMINO DE ESTRELLA STE C,SAN CLEMENTE,CA,92672,"550 CAMINO DE ESTRELLA STE C, SAN CLEMENTE, CA 92672",,
SPROUTS SAN DIEGO 213,11710 CARMEL MOUNTAIN RD,SAN DIEGO,CA,92128,"11710 CARMEL MOUNTAIN RD, SAN DIEGO, CA 92128",32.981337,-117.0801414
SPROUTS SAN DIEGO 226,4175 PARK BLVD,SAN DIEGO,CA,92103,"4175 PARK BLVD, SAN DIEGO, CA 92103",32.7533293,-117.1458903
SPROUTS SAN DIEGO 227,1260 GARNET AVE,SAN DIEGO,CA,92109,"1260 GARNET AVE, SAN DIEGO, CA 92109",32.798785,-117.247024
SPROUTS SAN DIEGO 228,3315 ROSECRANS ST STE B,SAN DIEGO,CA,92110,"3315 ROSECRANS ST STE B, SAN DIEGO, CA 92110",,
SPROUTS SAN DIEGO 232,3358 GOVERNOR DR,SAN DIEGO,CA,92122,"3358 GOVERNOR DR, SAN DIEGO, CA 92122",32.8517358,-117.2141968
SPROUTS SAN DIEGO 234,4439 GENESEE AVE,SAN DIEGO,CA,92117,"4439 GENESEE AVE, SAN DIEGO, CA 92117",32.8242878,-117.1837196
SPROUTS SAN DIEGO 409,16415 PASEO DEL SUR,SAN DIEGO,CA,92127,"16415 PASEO DEL SUR, SAN DIEGO, CA 92127",33.0198021,-117.1233783
SPROUTS SAN DIEGO 417,3015 CLAIREMONT DR,SAN DIEGO,CA,92117,"3015 CLAIREMONT DR, SAN DIEGO, CA 92117",32.7945806,-117.1937878
SPROUTS SAN DIEGO 430,8142 MIRA MESA BLVD,SAN DIEGO,CA,92126,"8142 MIRA MESA BLVD, SAN DIEGO, CA 92126",32.91449,-117.1481216
SPROUTS SAN JOSE 269,5205 PROSPECT RD,SAN JOSE,CA,95129,"5205 PROSPECT RD, SAN JOSE, CA 95129",37.2928785,-121.9929284
SPROUTS SAN JOSE 270,1130 BRANHAM LN,SAN JOSE,CA,95118,"1130 BRANHAM LN, SAN JOSE, CA 95118",37.2618898,-121.878148
SPROUTS SAN JOSE 406,1028 E BROKAW RD,SAN JOSE,CA,95131,"1028 E BROKAW RD, SAN JOSE, CA 95131",37.3812401,-121.8981526
SPROUTS SAN JOSE 433,1771 E CAPITOL EXPY,SAN JOSE,CA,95121,"1771 E CAPITOL EXPY, SAN JOSE, CA 95121",37.3094073,-121.810676
SPROUTS SAN JOSE 463,615 COLEMAN AVE,SAN JOSE,CA,95110,"615 COLEMAN AVE, SAN JOSE, CA 95110",37.3401952,-121.908258
SPROUTS SAN JOSE 475,375 N CAPITOL AVE,SAN JOSE,CA,95133,"375 N CAPITOL AVE, SAN JOSE, CA 95133",37.3711962,-121.8467371
SPROUTS SAN LEANDRO 445,1188 E 14TH ST,SAN LEANDRO,CA,94577,"1188 E 14TH ST, SAN LEANDRO, CA 94577",37.7261233,-122.1567209
SPROUTS SAN LUIS OBISPO 427,313 MADONNA RD STE A,SAN LUIS OBISPO,CA,93405,"313 MADONNA RD STE A, SAN LUIS OBISPO, CA 93405",,
SPROUTS SAN MARCOS 203,149 S LAS POSAS RD,SAN MARCOS,CA,92078,"149 S LAS POSAS RD, SAN MARCOS, CA 92078",33.1405197,-117.1906977
SPROUTS SAN PEDRO 252,820 N WESTERN AVE,SAN PEDRO,CA,90732,"820 N WESTERN AVE, SAN PEDRO, CA 90732",33.7502746,-118.3080263
SPROUTS SAN RAFAEL 288,655 IRWIN ST,SAN RAFAEL,CA,94901,"655 IRWIN ST, SAN RAFAEL, CA 94901",37.9686957,-122.5231615
SPROUTS SAN RAMON 278,3181 CROW CANYON PL,SAN RAMON,CA,94583,"3181 CROW CANYON PL, SAN RAMON, CA 94583",37.7773031,-121.9698785
SPROUTS SANTA BARBARA 441,29 S MILPAS ST,SANTA BARBARA,CA,93103,"29 S MILPAS ST, SANTA BARBARA, CA 93103",34.4216866,-119.6778499
SPROUTS SANTA CLARA 283,2060 EL CAMINO REAL,SANTA CLARA,CA,95050,"2060 EL CAMINO REAL, SANTA CLARA, CA 95050",37.3521949,-121.9611112
SPROUTS SANTA CLARITA 476,16450 VILLAGE WAY,SANTA CLARITA,CA,91387,"16450 VILLAGE WAY, SANTA CLARITA, CA 91387",,
SPROUTS SANTA FE 705,3201 ZAFARANO DR STE 20,SANTA FE,NM,87507,"3201 ZAFARANO DR STE 20, SANTA FE, NM 87507",,
SPROUTS SANTA FE 706,199 PASEO DE PERALTA,SANTA FE,NM,87501,"199 PASEO DE PERALTA, SANTA FE, NM 87501",35.6926502,-105.9495752
SPROUTS SANTA MARIA 484,2170 S BRADLEY RD,SANTA MARIA,CA,93455,"2170 S BRADLEY RD, SANTA MARIA, CA 93455",34.9195565,-120.4218956
SPROUTS SANTEE 254,9361 MISSION GORGE RD,SANTEE,CA,92071,"9361 MISSION GORGE RD, SANTEE, CA 92071",32.8374079,-116.9934841
SPROUTS SARASOTA 614,8330 S TAMIAMI TRL STE 111,SARASOTA,FL,34238,"8330 S TAMIAMI TRL STE 111, SARASOTA, FL 34238",,
SPROUTS SARASOTA 660,111 LINKS AVE,SARASOTA,FL,34236,"111 LINKS AVE, SARASOTA, FL 34236",27.3376398,-82.5331132
SPROUTS SCOTTSDALE 19,4402 N MILLER RD,SCOTTSDALE,AZ,85251,"4402 N MILLER RD, SCOTTSDALE, AZ 85251",33.5009441,-111.9191383
SPROUTS SCOTTSDALE 2,9301 E SHEA BLVD STE 132,SCOTTSDALE,AZ,85260,"9301 E SHEA BLVD STE 132, SCOTTSDALE, AZ 85260",,
SPROUTS SCOTTSDALE 29,23269 N SCOTTSDALE RD,SCOTTSDALE,AZ,85255,"23269 N SCOTTSDALE RD, SCOTTSDALE, AZ 85255",33.6975955,-111.9233563
SPROUTS SCOTTSDALE 39,8787 N SCOTTSDALE RD STE 124,SCOTTSDALE,AZ,85253,"8787 N SCOTTSDALE RD STE 124, SCOTTSDALE, AZ 85253",,
SPROUTS SEAL BEACH 208,12301 SEAL BEACH BLVD,SEAL BEACH,CA,90740,"12301 SEAL BEACH BLVD, SEAL BEACH, CA 90740",33.7791063,-118.0718107
SPROUTS SEATTLE 457,13010 AURORA AVE N,SEATTLE,WA,98133,"13010 AURORA AVE N, SEATTLE, WA 98133",47.7235428,-122.3429672
SPROUTS SEMINOLE 628,7263 SEMINOLE BLVD STE 111,SEMINOLE,FL,33772,"7263 SEMINOLE BLVD STE 111, SEMINOLE, FL 33772",,
SPROUTS SEWELL 950,280 EGG HARBOR RD,SEWELL,NJ,80803,"280 EGG HARBOR RD, SEWELL, NJ 80803",39.767047,-75.086301
SPROUTS SILVERDALE 458,11066 PACIFIC CREST PL NW STE,SILVERDALE,WA,98383,"11066 PACIFIC CREST PL NW STE, SILVERDALE, WA 98383",,
SPROUTS SIMI VALLEY 413,2800 COCHRAN ST,SIMI VALLEY,CA,93065,"2800 COCHRAN ST, SIMI VALLEY, CA 93065",34.278023,-118.741427
SPROUTS SIMPSONVILLE 563,2200 WOODRUFF RD,SIMPSONVILLE,SC,29681,"2200 WOODRUFF RD, SIMPSONVILLE, SC 29681",34.8187934,-82.2557502
SPROUTS SMYRNA 518,4330 EAST-WEST CONNECTOR,SMYRNA,GA,30082,"4330 EAST-WEST CONNECTOR, SMYRNA, GA 30082",33.8445572,-84.5312754
SPROUTS SMYRNA 530,2530 CUMBERLAND BLVD SE,SMYRNA,GA,30080,"2530 CUMBERLAND BLVD SE, SMYRNA, GA 30080",33.8901175,-84.4767064
SPROUTS SOUTH JORDAN 605,11519 S 4000 W,SOUTH JORDAN,UT,84009,"11519 S 4000 W, SOUTH JORDAN, UT 84009",40.5408941,-111.9852152
SPROUTS SOUTHLAKE 104,220 RANDOL MILL AVE,SOUTHLAKE,TX,76092,"220 RANDOL MILL AVE, SOUTHLAKE, TX 76092",32.9385407,-97.1868874
SPROUTS SPARKS 511,125 DISC DR,SPARKS,NV,89436,"125 DISC DR, SPARKS, NV 89436",39.5750417,-119.7425281
SPROUTS SPRING 139,20708 KUYKENDAHL RD,SPRING,TX,77379,"20708 KUYKENDAHL RD, SPRING, TX 77379",30.0709774,-95.5079115
SPROUTS SPRING 181,4775 W PANTHER CREEK DR STE 40,SPRING,TX,77381,"4775 W PANTHER CREEK DR STE 40, SPRING, TX 77381",,
SPROUTS ST GEORGE 606,1525 S RIVER RD UNIT 1,ST GEORGE,UT,84790,"1525 S RIVER RD UNIT 1, ST GEORGE, UT 84790",,
SPROUTS ST PETERSBURG 670,3411 32ND PL S,ST PETERSBURG,FL,33711,"3411 32ND PL S, ST PETERSBURG, FL 33711",,
SPROUTS ST. JOHNS 672,120 SHOPS BLVD,ST. JOHNS,FL,32259,"120 SHOPS BLVD, ST. JOHNS, FL 32259",,
SPROUTS STILLWATER 810,909 W 6TH AVE,STILLWATER,OK,74074,"909 W 6TH AVE, STILLWATER, OK 74074",36.115251,-97.0703003
SPROUTS STOCKTON 464,5308 PACIFIC AVE STE 1040,STOCKTON,CA,95207,"5308 PACIFIC AVE STE 1040, STOCKTON, CA 95207",,
SPROUTS STUART 629,3150 SE FEDERAL HWY STE 111,STUART,FL,34994,"3150 SE FEDERAL HWY STE 111, STUART, FL 34994",,
SPROUTS STUDIO CITY 477,11303 VENTURA BLVD,STUDIO CITY,CA,91604,"11303 VENTURA BLVD, STUDIO CITY, CA 91604",34.1405739,-118.3762114
SPROUTS SUMMERLIN 505,10000 W SAHARA AVE STE 180,SUMMERLIN,NV,89117,"10000 W SAHARA AVE STE 180, SUMMERLIN, NV 89117",,
SPROUTS SUNNYVALE 216,111 E EL CAMINO REAL,SUNNYVALE,CA,94087,"111 E EL CAMINO REAL, SUNNYVALE, CA 94087",37.3674611,-122.0302377
SPROUTS SURPRISE 12,13759 W BELL RD,SURPRISE,AZ,85374,"13759 W BELL RD, SURPRISE, AZ 85374",33.6385037,-112.3554674
SPROUTS SURPRISE 46,13650 N PRASADA PKWY,SURPRISE,AZ,85388,"13650 N PRASADA PKWY, SURPRISE, AZ 85388",33.6083357,-112.4165419
SPROUTS TAMPA 610,1523 S DALE MABRY HWY STE 111,TAMPA,FL,33629,"1523 S DALE MABRY HWY STE 111, TAMPA, FL 33629",,
SPROUTS TAMPA 612,15110 N DALE MABRY HWY STE 111,TAMPA,FL,33618,"15110 N DALE MABRY HWY STE 111, TAMPA, FL 33618",,
SPROUTS TAMPA 630,8620 HUNTERS VILLAGE RD STE 11,TAMPA,FL,33647,"8620 HUNTERS VILLAGE RD STE 11, TAMPA, FL 33647",,
SPROUTS TAMPA 633,10619 SHELDON RD STE 111,TAMPA,FL,33626,"10619 SHELDON RD STE 111, TAMPA, FL 33626",,
SPROUTS TAMPA 636,101 W 7TH AVE STE 111,TAMPA,FL,33602,"101 W 7TH AVE STE 111, TAMPA, FL 33602",27.9449854,-82.4583107
SPROUTS TAMPA 649,2150 E FOWLER AVE STE 111,TAMPA,FL,33612,"2150 E FOWLER AVE STE 111, TAMPA, FL 33612",,
SPROUTS TEMECULA 248,32413 TEMECULA PKWY STE 300A,TEMECULA,CA,92592,"32413 TEMECULA PKWY STE 300A, TEMECULA, CA 92592",,
SPROUTS TEMECULA 251,39606 WINCHESTER RD,TEMECULA,CA,92591,"39606 WINCHESTER RD, TEMECULA, CA 92591",33.541097,-117.1423178
SPROUTS TEMPE 20,1706 E SOUTHERN AVE,TEMPE,AZ,85282,"1706 E SOUTHERN AVE, TEMPE, AZ 85282",33.3943237,-111.9113497
SPROUTS TEMPE 38,931 E ELLIOT RD STE 110,TEMPE,AZ,85284,"931 E ELLIOT RD STE 110, TEMPE, AZ 85284",,
SPROUTS THE VILLAGES 650,330 BUENA VISTA BLVD STE 111,THE VILLAGES,FL,32162,"330 BUENA VISTA BLVD STE 111, THE VILLAGES, FL 32162",,
SPROUTS THORNTON 321,1131 E 120TH AVE,THORNTON,CO,80233,"1131 E 120TH AVE, THORNTON, CO 80233",39.9168473,-104.9734093
SPROUTS THOUSAND OAKS 214,600 W HILLCREST DR,THOUSAND OAKS,CA,91360,"600 W HILLCREST DR, THOUSAND OAKS, CA 91360",34.1849321,-118.8922627
SPROUTS TORRANCE 204,4230 PACIFIC COAST HWY,TORRANCE,CA,90505,"4230 PACIFIC COAST HWY, TORRANCE, CA 90505",33.8065037,-118.3590662
SPROUTS TOWSON 917,803 GOUCHER BLVD,TOWSON,MD,21286,"803 GOUCHER BLVD, TOWSON, MD 21286",39.397813,-76.5842486
SPROUTS TRACY 493,2106 ELLIS TOWN DR,TRACY,CA,95377,"2106 ELLIS TOWN DR, TRACY, CA 95377",37.7011569,-121.454731
SPROUTS TUCKER 527,4310 LAVISTA RD,TUCKER,GA,30084,"4310 LAVISTA RD, TUCKER, GA 30084",33.8497363,-84.2428672
SPROUTS TUCSON 21,3860 W RIVER RD,TUCSON,AZ,85741,"3860 W RIVER RD, TUCSON, AZ 85741",32.322271,-111.0434218
SPROUTS TUCSON 22,7877 E BROADWAY BLVD,TUCSON,AZ,85710,"7877 E BROADWAY BLVD, TUCSON, AZ 85710",32.2225416,-110.8247739
SPROUTS TUCSON 23,4282 N 1ST AVE,TUCSON,AZ,85719,"4282 N 1ST AVE, TUCSON, AZ 85719",32.2852858,-110.9594076
SPROUTS TUCSON 24,4645 E SPEEDWAY BLVD,TUCSON,AZ,85712,"4645 E SPEEDWAY BLVD, TUCSON, AZ 85712",32.2374001,-110.8935623
SPROUTS TUCSON 47,4800 S LANDING WAY,TUCSON,AZ,85714,"4800 S LANDING WAY, TUCSON, AZ 85714",32.1652187,-110.9885375
SPROUTS TULSA 805,4123 S HARVARD AVE,TULSA,OK,74135,"4123 S HARVARD AVE, TULSA, OK 74135",36.0894875,-95.9400093
SPROUTS TULSA 806,851 E HILLSIDE DR,TULSA,OK,74012,"851 E HILLSIDE DR, TULSA, OK 74012",36.0676446,-95.7830201
SPROUTS TUSTIN 207,14945 HOLT AVE,TUSTIN,CA,92780,"14945 HOLT AVE, TUSTIN, CA 92780",33.7469632,-117.8157011
SPROUTS TUSTIN 256,3011 EL CAMINO REAL,TUSTIN,CA,92782,"3011 EL CAMINO REAL, TUSTIN, CA 92782",33.7251235,-117.7906654
SPROUTS TYLER 157,4015 S BROADWAY AVE,TYLER,TX,75701,"4015 S BROADWAY AVE, TYLER, TX 75701",32.3065839,-95.3019768
SPROUTS UPLAND 281,847 W FOOTHILL BLVD,UPLAND,CA,91786,"847 W FOOTHILL BLVD, UPLAND, CA 91786",34.1070624,-117.6619393
SPROUTS VACAVILLE 432,1041 HELEN POWER DR,VACAVILLE,CA,95687,"1041 HELEN POWER DR, VACAVILLE, CA 95687",38.3653449,-121.9615466
SPROUTS VALENCIA 218,24285 MAGIC MOUNTAIN PKWY,VALENCIA,CA,91355,"24285 MAGIC MOUNTAIN PKWY, VALENCIA, CA 91355",34.4199342,-118.5592853
SPROUTS VALRICO 613,3315 LITHIA PINECREST RD STE 1,VALRICO,FL,33596,"3315 LITHIA PINECREST RD STE 1, VALRICO, FL 33596",,
SPROUTS VENICE 669,1120 JACARANDA BLVD,VENICE,FL,34292,"1120 JACARANDA BLVD, VENICE, FL 34292",27.1269431,-82.3829995
SPROUTS VENTURA 415,4870 TELEPHONE RD,VENTURA,CA,93003,"4870 TELEPHONE RD, VENTURA, CA 93003",34.261493,-119.2271717
SPROUTS VICTORVILLE 469,12450 AMARGOSA RD UNIT 1,VICTORVILLE,CA,92392,"12450 AMARGOSA RD UNIT 1, VICTORVILLE, CA 92392",,
SPROUTS VISALIA 473,3501 S MOONEY BLVD UNIT 120,VISALIA,CA,93277,"3501 S MOONEY BLVD UNIT 120, VISALIA, CA 93277",,
SPROUTS VISTA 435,1400 E VISTA WAY,VISTA,CA,92084,"1400 E VISTA WAY, VISTA, CA 92084",33.2201114,-117.2269821
SPROUTS WACO 182,4633 S JACK KULTGEN EXPY STE 1,WACO,TX,76706,"4633 S JACK KULTGEN EXPY STE 1, WACO, TX 76706",,
SPROUTS WALDORF 923,3000 FESTIVAL WAY,WALDORF,MD,20601,"3000 FESTIVAL WAY, WALDORF, MD 20601",38.6273799,-76.9111721
SPROUTS WALNUT CREEK 259,1530 GEARY RD,WALNUT CREEK,CA,94597,"1530 GEARY RD, WALNUT CREEK, CA 94597",37.9270018,-122.0643467
SPROUTS WEATHERFORD 183,317 CENTER POINT RD,WEATHERFORD,TX,76087,"317 CENTER POINT RD, WEATHERFORD, TX 76087",32.749174,-97.728979
SPROUTS WEBSTER 725,1001 W BAY AREA BLVD STE A,WEBSTER,TX,77598,"1001 W BAY AREA BLVD STE A, WEBSTER, TX 77598",,
SPROUTS WEST COVINA 438,2630 E WORKMAN AVE STE 315A,WEST COVINA,CA,91791,"2630 E WORKMAN AVE STE 315A, WEST COVINA, CA 91791",,
SPROUTS WEST DEPTFORD 949,875 MANTUA PIKE STE 21,WEST DEPTFORD,NJ,80963,"875 MANTUA PIKE STE 21, WEST DEPTFORD, NJ 80963",,
SPROUTS WEST HILLS 272,6605 FALLBROOK AVE,WEST HILLS,CA,91307,"6605 FALLBROOK AVE, WEST HILLS, CA 91307",34.1893527,-118.6244259
SPROUTS WEST MELBOURNE 657,4460 HOLLYWOOD BLVD STE 111,WEST MELBOURNE,FL,32904,"4460 HOLLYWOOD BLVD STE 111, WEST MELBOURNE, FL 32904",,
SPROUTS WEST PALM BEACH 644,1901B N MILITARY TRL STE 111,WEST PALM BEACH,FL,33409,"1901B N MILITARY TRL STE 111, WEST PALM BEACH, FL 33409",,
SPROUTS WESTLAKE 220,1012 WESTLAKE BLVD,WESTLAKE,CA,91361,"1012 WESTLAKE BLVD, WESTLAKE, CA 91361",34.1522166,-118.8270564
SPROUTS WESTMINSTER 301,5150 W 120TH AVE,WESTMINSTER,CO,80020,"5150 W 120TH AVE, WESTMINSTER, CO 80020",39.9121224,-105.050604
SPROUTS WESTMINSTER 922,255 BALTIMORE BLVD STE 4,WESTMINSTER,MD,21157,"255 BALTIMORE BLVD STE 4, WESTMINSTER, MD 21157",,
SPROUTS WHEAT RIDGE 326,3725 KIPLING ST,WHEAT RIDGE,CO,80033,"3725 KIPLING ST, WHEAT RIDGE, CO 80033",39.7677671,-105.1102793
SPROUTS WHITTIER 264,15801 WHITTIER BLVD,WHITTIER,CA,90603,"15801 WHITTIER BLVD, WHITTIER, CA 90603",33.9443493,-117.9921032
SPROUTS WILMINGTON 816,4801 CONCORD PIKE,WILMINGTON,DE,19803,"4801 CONCORD PIKE, WILMINGTON, DE 19803",39.8257462,-75.5429865
SPROUTS WINTER PARK 616,1999 ALOMA AVE STE 111,WINTER PARK,FL,32792,"1999 ALOMA AVE STE 111, WINTER PARK, FL 32792",,
SPROUTS WOODLAND 453,1430 E MAIN ST,WOODLAND,CA,95776,"1430 E MAIN ST, WOODLAND, CA 95776",38.6772508,-121.7550921
SPROUTS WOODLAND HILLS 255,21821 VENTURA BLVD,WOODLAND HILLS,CA,91364,"21821 VENTURA BLVD, WOODLAND HILLS, CA 91364",34.1684972,-118.6028787
SPROUTS WOODSTOCK 523,1430 TOWNE LAKE PKWY,WOODSTOCK,GA,30189,"1430 TOWNE LAKE PKWY, WOODSTOCK, GA 30189",34.1062438,-84.5400249
SPROUTS YORBA LINDA 238,17482 YORBA LINDA BLVD,YORBA LINDA,CA,92886,"17482 YORBA LINDA BLVD, YORBA LINDA, CA 92886",33.8886091,-117.8267072
SPROUTS YORBA LINDA 262,22401 OLD CANAL RD,YORBA LINDA,CA,92887,"22401 OLD CANAL RD, YORBA LINDA, CA 92887",33.8736296,-117.7450167
SPROUTS YORK 857,351 LOUCKS RD STE C-1,YORK,PA,17404,"351 LOUCKS RD STE C-1, YORK, PA 17404",,
SPROUTS YUKON 809,1105 GARTH BROOKS BLVD,YUKON,OK,73099,"1105 GARTH BROOKS BLVD, YUKON, OK 73099",35.4916998,-97.7585202
SPROUTS YUMA 35,1590 S 4TH AVE,YUMA,AZ,85364,"1590 S 4TH AVE, YUMA, AZ 85364",32.6989323,-114.6254745
SPROUTS YUMA 52,10765 S COMMERCIAL CENTRE LOOP,YUMA,AZ,85367,"10765 S COMMERCIAL CENTRE LOOP, YUMA, AZ 85367",32.6739218,-114.4431303
SWAMP RABBIT CAFE & GROCERY GREENVILLE 267995,1424 HAMPTON AVENUE EXT,GREENVILLE,SC,29601,"1424 HAMPTON AVENUE EXT, GREENVILLE, SC 29601",34.8648208,-82.416625
THE MARKET - CA PLYMOUTH 600006,6 PURCHASE ST,PLYMOUTH,MA,23606,"6 PURCHASE ST, PLYMOUTH, MA 23606",42.0307363,-71.0067093
THE PUBLIC MARKET WHEELING 247317,1401 MAIN ST,WHEELING,WV,26003,"1401 MAIN ST, WHEELING, WV 26003",40.0636961,-80.723353
THYME & SEASON HAMDEN 276612,3040 WHITNEY AVE,HAMDEN,CT,65182,"3040 WHITNEY AVE, HAMDEN, CT 65182",41.4058021,-72.8994688
TURNIP TRUCK INFRA NASHVILLE 260469,321 12TH AVE S,NASHVILLE,TN,37203,"321 12TH AVE S, NASHVILLE, TN 37203",36.1526985,-86.7854541
TURNIP TRUCK INFRA NASHVILLE 37793,701 WOODLAND ST,NASHVILLE,TN,37206,"701 WOODLAND ST, NASHVILLE, TN 37206",36.1737634,-86.7601044
TURNIP TRUCK INFRA NASHVILLE 808515,5001 CHARLOTTE PIKE,NASHVILLE,TN,37209,"5001 CHARLOTTE PIKE, NASHVILLE, TN 37209",36.1413247,-86.8775096
TURNIP TRUCK INFRA NASHVILLE 995626,1920 BROADWAY,NASHVILLE,TN,37203,"1920 BROADWAY, NASHVILLE, TN 37203",36.1503197,-86.7974576
TURNIP TRUCK NASHVILLE 260469,321 12TH AVE S,NASHVILLE,TN,37203,"321 12TH AVE S, NASHVILLE, TN 37203",36.1526985,-86.7854541
TURNIP TRUCK NASHVILLE 37793,701 WOODLAND ST,NASHVILLE,TN,37206,"701 WOODLAND ST, NASHVILLE, TN 37206",36.1737634,-86.7601044
TURNIP TRUCK NASHVILLE 808515,5001 CHARLOTTE PIKE,NASHVILLE,TN,37209,"5001 CHARLOTTE PIKE, NASHVILLE, TN 37209",36.1413247,-86.8775096
TURNIP TRUCK NASHVILLE 995626,1920 BROADWAY,NASHVILLE,TN,37203,"1920 BROADWAY, NASHVILLE, TN 37203",36.1503197,-86.7974576
UNITED SUPERMARKETS AMARILLO 550823,5601 W AMARILLO BLVD,AMARILLO,TX,79106,"5601 W AMARILLO BLVD, AMARILLO, TX 79106",35.2147387,-101.9002681
UNITED SUPERMARKETS AMARILLO 553530,3552 S SONCY RD,AMARILLO,TX,79119,"3552 S SONCY RD, AMARILLO, TX 79119",35.1709172,-101.9411266
UNITED SUPERMARKETS LUBBOCK 550657,11310 SLIDE RD,LUBBOCK,TX,79424,"11310 SLIDE RD, LUBBOCK, TX 79424",33.4913814,-101.9246269
UNITED SUPERMARKETS LUBBOCK 553155,12815 INDIANA AVE,LUBBOCK,TX,79423,"12815 INDIANA AVE, LUBBOCK, TX 79423",33.4773975,-101.88557
UNITED SUPERMARKETS LUBBOCK 553552,6321 4TH ST,LUBBOCK,TX,79416,"6321 4TH ST, LUBBOCK, TX 79416",33.5917025,-101.9565841
UNITED SUPERMARKETS LUBBOCK 554551,8010 FRANKFORD AVE,LUBBOCK,TX,79424,"8010 FRANKFORD AVE, LUBBOCK, TX 79424",33.5204415,-101.9419703
UNITED SUPERMARKETS MIDLAND 550671,3317 N MIDLAND DR,MIDLAND,TX,79707,"3317 N MIDLAND DR, MIDLAND, TX 79707",32.0164035,-102.1432812
UNITED SUPERMARKETS MIDLAND 550672,1002 ANDREWS HWY,MIDLAND,TX,79701,"1002 ANDREWS HWY, MIDLAND, TX 79701",32.0012398,-102.111592
UNITED SUPERMARKETS WICHITA FALLS 550634,2720 SOUTHWEST PKWY,WICHITA FALLS,TX,76308,"2720 SOUTHWEST PKWY, WICHITA FALLS, TX 76308",33.8588864,-98.5345264
UNITED SUPERMARKETS WICHITA FALLS 551216,4516 OLD JACKSBORO HWY,WICHITA FALLS,TX,76302,"4516 OLD JACKSBORO HWY, WICHITA FALLS, TX 76302",33.8647353,-98.4952544
VITAMINS PLUS LITTLE ROCK 22867,9112 N RODNEY PARHAM RD STE 11,LITTLE ROCK,AR,72205,"9112 N RODNEY PARHAM RD STE 11, LITTLE ROCK, AR 72205",,
WESTSIDE MARKET NYC HUNTINGTON 591214,205 WALL ST,HUNTINGTON,NY,11743,"205 WALL ST, HUNTINGTON, NY 11743",40.8783008,-73.4257415
WHOLE FAMILY NUTRITION & MARKET TUPELO 260588,1798 N GLOSTER ST,TUPELO,MS,38804,"1798 N GLOSTER ST, TUPELO, MS 38804",34.28452,-88.715136
AMERICA'S FOOD BASKET BROOKLYN 78481,720 WASHINGTON AVE,BROOKLYN,NY,11238,"720 WASHINGTON AVE, BROOKLYN, NY 11238",40.6762106,-73.9638392
AMERICA'S FOOD BASKET CORONA 78539,99-30 CORONA AVE,CORONA,NY,11368,"99-30 CORONA AVE, CORONA, NY 11368",40.743896,-73.8621812
AMERICA'S FOOD BASKET JAMAICA 78512,89-30 SUTPHIN BLVD,JAMAICA,NY,11435,"89-30 SUTPHIN BLVD, JAMAICA, NY 11435",40.7031733,-73.8087358
AMERICA'S FOOD BASKET JAMAICA 78534,175-35 HILLSIDE AVE,JAMAICA,NY,11432,"175-35 HILLSIDE AVE, JAMAICA, NY 11432",40.7121439,-73.786632
AMERICA'S FOOD BASKET NEW YORK 78541,1635 LEXINGTON AVE,NEW YORK,NY,10029,"1635 LEXINGTON AVE, NEW YORK, NY 10029",40.7904851,-73.9472074
ASSOCIATED FOOD STORE FARR WEST 99118,1850 W 2530 N,FARR WEST,UT,84404,"1850 W 2530 N, FARR WEST, UT 84404",,
BRISTOL FARMS LOS ANGELES 0585,8448 LINCOLN BLVD,LOS ANGELES,CA,90045,"8448 LINCOLN BLVD, LOS ANGELES, CA 90045",33.9610857,-118.4191847
BRISTOL FARMS LOS ANGELES 2064,1515 WESTWOOD BLVD,LOS ANGELES,CA,90024,"1515 WESTWOOD BLVD, LOS ANGELES, CA 90024",34.0534978,-118.440595
BRISTOL FARMS LOS ANGELES 77507,6220 SELMA AVE SUITE 100,LOS ANGELES,CA,90274,"6220 SELMA AVE SUITE 100, LOS ANGELES, CA 90274",,
BRISTOL FARMS MANHATTAN BEACH 5224,1570 ROSECRANS AVE,MANHATTAN BEACH,CA,90266,"1570 ROSECRANS AVE, MANHATTAN BEACH, CA 90266",33.9006886,-118.3865516
BRISTOL FARMS NEWPORT BEACH 6516,810 AVOCADO AVE,NEWPORT BEACH,CA,92660,"810 AVOCADO AVE, NEWPORT BEACH, CA 92660",33.6063022,-117.8733335
BRISTOL FARMS PALM DESERT 0281,73101 COUNTRY CLUB DR,PALM DESERT,CA,92260,"73101 COUNTRY CLUB DR, PALM DESERT, CA 92260",33.757829,-116.3892539
BRISTOL FARMS ROLLING HILLS 9148,837 SILVER SPUR RD,ROLLING HILLS,CA,90274,"837 SILVER SPUR RD, ROLLING HILLS, CA 90274",33.7696554,-118.3677271
BRISTOL FARMS SANTA BARBARA 59725,3855 STATE ST,SANTA BARBARA,CA,93105,"3855 STATE ST, SANTA BARBARA, CA 93105",34.4384149,-119.7494803
BRISTOL FARMS SANTA MONICA 443130,3105 WILSHIRE BLVD,SANTA MONICA,CA,90403,"3105 WILSHIRE BLVD, SANTA MONICA, CA 90403",34.0299763,-118.4849302
BRISTOL FARMS SOUTH PASADENA 5450,606 FAIR OAKS AVE,SOUTH PASADENA,CA,91030,"606 FAIR OAKS AVE, SOUTH PASADENA, CA 91030",34.1186144,-118.1496062
BRISTOL FARMS WEST HOLLYWOOD 2804,9039 BEVERLY BLVD,WEST HOLLYWOOD,CA,90048,"9039 BEVERLY BLVD, WEST HOLLYWOOD, CA 90048",34.0772416,-118.3890852
BRISTOL FARMS WOODLAND HILLS 43663,23379 MULHOLLAND DR,WOODLAND HILLS,CA,91364,"23379 MULHOLLAND DR, WOODLAND HILLS, CA 91364",34.1500544,-118.6216495
BRISTOL FARMS YORBA LINDA 46149,18421 YORBA LINDA BLVD,YORBA LINDA,CA,92886,"18421 YORBA LINDA BLVD, YORBA LINDA, CA 92886",33.888753,-117.8124809
CITY FRESH MARKET BROOKLYN 6584,1380 PENNSLYVANIA AVE,BROOKLYN,NY,11239,"1380 PENNSLYVANIA AVE, BROOKLYN, NY 11239",,
CLARKS NUTRITION CENTER LOMA LINDA 7713,11235 MT. VIEW AVENUE,LOMA LINDA,CA,92354,"11235 MT. VIEW AVENUE, LOMA LINDA, CA 92354",,
CLARKS NUTRITION CENTER RANCHO MIRAGE 4626,34175 MONTEREY,RANCHO MIRAGE,CA,92270,"34175 MONTEREY, RANCHO MIRAGE, CA 92270",33.799952,-116.3882635
CONFIDENTIAL 06810,CONFIDENTIAL,CONFIDENTIAL,CT,06810,"CONFIDENTIAL, CONFIDENTIAL, CT 06810",,
CONFIDENTIAL 06820,CONFIDENTIAL,CONFIDENTIAL,CT,06820,"CONFIDENTIAL, CONFIDENTIAL, CT 06820",,
CONFIDENTIAL 06824,CONFIDENTIAL,CONFIDENTIAL,CT,06824,"CONFIDENTIAL, CONFIDENTIAL, CT 06824",,
CONFIDENTIAL 06880,CONFIDENTIAL,CONFIDENTIAL,CT,06880,"CONFIDENTIAL, CONFIDENTIAL, CT 06880",,
CONFIDENTIAL 06905,CONFIDENTIAL,CONFIDENTIAL,CT,06905,"CONFIDENTIAL, CONFIDENTIAL, CT 06905",,
CONFIDENTIAL 07083,CONFIDENTIAL,CONFIDENTIAL,NJ,07083,"CONFIDENTIAL, CONFIDENTIAL, NJ 07083",,
CONFIDENTIAL 07302,CONFIDENTIAL,CONFIDENTIAL,NJ,07302,"CONFIDENTIAL, CONFIDENTIAL, NJ 07302",,
CONFIDENTIAL 07724,CONFIDENTIAL,CONFIDENTIAL,NJ,07724,"CONFIDENTIAL, CONFIDENTIAL, NJ 07724",,
CONFIDENTIAL 07746,CONFIDENTIAL,CONFIDENTIAL,NJ,07746,"CONFIDENTIAL, CONFIDENTIAL, NJ 07746",,
CONFIDENTIAL 08558,CONFIDENTIAL,CONFIDENTIAL,NJ,08558,"CONFIDENTIAL, CONFIDENTIAL, NJ 08558",,
CONFIDENTIAL 10029,CONFIDENTIAL,CONFIDENTIAL,NY,10029,"CONFIDENTIAL, CONFIDENTIAL, NY 10029",,
CONFIDENTIAL 10701,CONFIDENTIAL,CONFIDENTIAL,NY,10701,"CONFIDENTIAL, CONFIDENTIAL, NY 10701",,
CONFIDENTIAL 11102,CONFIDENTIAL,CONFIDENTIAL,NY,11102,"CONFIDENTIAL, CONFIDENTIAL, NY 11102",,
CONFIDENTIAL 11201,CONFIDENTIAL,CONFIDENTIAL,NY,11201,"CONFIDENTIAL, CONFIDENTIAL, NY 11201",,
CONFIDENTIAL 11211,CONFIDENTIAL,CONFIDENTIAL,NY,11211,"CONFIDENTIAL, CONFIDENTIAL, NY 11211",,
CONFIDENTIAL 11545,CONFIDENTIAL,CONFIDENTIAL,NY,11545,"CONFIDENTIAL, CONFIDENTIAL, NY 11545",,
CONFIDENTIAL 11560,CONFIDENTIAL,CONFIDENTIAL,NY,11560,"CONFIDENTIAL, CONFIDENTIAL, NY 11560",,
CONFIDENTIAL 11577,CONFIDENTIAL,CONFIDENTIAL,NY,11577,"CONFIDENTIAL, CONFIDENTIAL, NY 11577",,
CONFIDENTIAL 11741,CONFIDENTIAL,CONFIDENTIAL,NY,11741,"CONFIDENTIAL, CONFIDENTIAL, NY 11741",,
CONFIDENTIAL 21210,CONFIDENTIAL,CONFIDENTIAL,MD,21210,"CONFIDENTIAL, CONFIDENTIAL, MD 21210",,
CONFIDENTIAL 21212,CONFIDENTIAL,CONFIDENTIAL,MD,21212,"CONFIDENTIAL, CONFIDENTIAL, MD 21212",,
CONFIDENTIAL 33073,CONFIDENTIAL,CONFIDENTIAL,FL,33073,"CONFIDENTIAL, CONFIDENTIAL, FL 33073",,
CONFIDENTIAL 97005,CONFIDENTIAL,CONFIDENTIAL,OR,97005,"CONFIDENTIAL, CONFIDENTIAL, OR 97005",,
CONFIDENTIAL 97006,CONFIDENTIAL,CONFIDENTIAL,OR,97006,"CONFIDENTIAL, CONFIDENTIAL, OR 97006",,
CONFIDENTIAL 97007,CONFIDENTIAL,CONFIDENTIAL,OR,97007,"CONFIDENTIAL, CONFIDENTIAL, OR 97007",,
CONFIDENTIAL 97034,CONFIDENTIAL,CONFIDENTIAL,OR,97034,"CONFIDENTIAL, CONFIDENTIAL, OR 97034",,
CONFIDENTIAL 97035,CONFIDENTIAL,CONFIDENTIAL,OR,97035,"CONFIDENTIAL, CONFIDENTIAL, OR 97035",,
CONFIDENTIAL 97062,CONFIDENTIAL,CONFIDENTIAL,OR,97062,"CONFIDENTIAL, CONFIDENTIAL, OR 97062",,
CONFIDENTIAL 97086,CONFIDENTIAL,CONFIDENTIAL,OR,97086,"CONFIDENTIAL, CONFIDENTIAL, OR 97086",,
CONFIDENTIAL 97124,CONFIDENTIAL,CONFIDENTIAL,OR,97124,"CONFIDENTIAL, CONFIDENTIAL, OR 97124",,
CONFIDENTIAL 97202,CONFIDENTIAL,CONFIDENTIAL,OR,97202,"CONFIDENTIAL, CONFIDENTIAL, OR 97202",,
CONFIDENTIAL 97203,CONFIDENTIAL,CONFIDENTIAL,OR,97203,"CONFIDENTIAL, CONFIDENTIAL, OR 97203",,
CONFIDENTIAL 97206,CONFIDENTIAL,CONFIDENTIAL,OR,97206,"CONFIDENTIAL, CONFIDENTIAL, OR 97206",,
CONFIDENTIAL 97210,CONFIDENTIAL,CONFIDENTIAL,OR,97210,"CONFIDENTIAL, CONFIDENTIAL, OR 97210",,
CONFIDENTIAL 97211,CONFIDENTIAL,CONFIDENTIAL,OR,97211,"CONFIDENTIAL, CONFIDENTIAL, OR 97211",,
CONFIDENTIAL 97214,CONFIDENTIAL,CONFIDENTIAL,OR,97214,"CONFIDENTIAL, CONFIDENTIAL, OR 97214",,
CONFIDENTIAL 97217,CONFIDENTIAL,CONFIDENTIAL,OR,97217,"CONFIDENTIAL, CONFIDENTIAL, OR 97217",,
CONFIDENTIAL 97222,CONFIDENTIAL,CONFIDENTIAL,OR,97222,"CONFIDENTIAL, CONFIDENTIAL, OR 97222",,
CONFIDENTIAL 97225,CONFIDENTIAL,CONFIDENTIAL,OR,97225,"CONFIDENTIAL, CONFIDENTIAL, OR 97225",,
CONFIDENTIAL 97227,CONFIDENTIAL,CONFIDENTIAL,OR,97227,"CONFIDENTIAL, CONFIDENTIAL, OR 97227",,
CONFIDENTIAL 97232,CONFIDENTIAL,CONFIDENTIAL,OR,97232,"CONFIDENTIAL, CONFIDENTIAL, OR 97232",,
CONFIDENTIAL 98660,CONFIDENTIAL,CONFIDENTIAL,WA,98660,"CONFIDENTIAL, CONFIDENTIAL, WA 98660",,
CONFIDENTIAL 98683,CONFIDENTIAL,CONFIDENTIAL,WA,98683,"CONFIDENTIAL, CONFIDENTIAL, WA 98683",,
DECICCO FAMILY NEW CITY 21069,180 S MAIN ST,NEW CITY,NY,10956,"180 S MAIN ST, NEW CITY, NY 10956",41.1405527,-73.9889316
DECICCO'S MARKETPLACE ARDSLEY 76664,21 CENTER STREET,ARDSLEY,NY,10502,"21 CENTER STREET, ARDSLEY, NY 10502",41.0124161,-73.845234
DECICCO'S MARKETPLACE ARMONK 41698,17 MAPLE AVENUE,ARMONK,NY,10504,"17 MAPLE AVENUE, ARMONK, NY 10504",41.126549,-73.7134001
DECICCO'S MARKETPLACE BEDFORD 1247,422 OLD POST RD,BEDFORD,NY,10506,"422 OLD POST RD, BEDFORD, NY 10506",41.1944447,-73.6560455
DECICCO'S MARKETPLACE BREWSTER 2462,50 INDEPENDENT WAY,BREWSTER,NY,10509,"50 INDEPENDENT WAY, BREWSTER, NY 10509",41.4189604,-73.6283226
DECICCO'S MARKETPLACE HARRISON 36743,7 HALSTEAD AVENUE,HARRISON,NY,10528,"7 HALSTEAD AVENUE, HARRISON, NY 10528",40.9618386,-73.7231611
DECICCO'S MARKETPLACE LARCHMONT 69277,2141 PALMER AVE,LARCHMONT,NY,10538,"2141 PALMER AVE, LARCHMONT, NY 10538",40.9284459,-73.7647272
DECICCO'S MARKETPLACE MILLWOOD 88801,230 SAW MILL RIVER ROAD,MILLWOOD,NY,10546,"230 SAW MILL RIVER ROAD, MILLWOOD, NY 10546",41.1876807,-73.8021753
DECICCO'S MARKETPLACE PELHAM 84526,43 5TH AVENUE,PELHAM,NY,10803,"43 5TH AVENUE, PELHAM, NY 10803",40.9121043,-73.8096062
DECICCO'S MARKETPLACE SCARSDALE 87615,777 WHITE PLAINS RD,SCARSDALE,NY,10583,"777 WHITE PLAINS RD, SCARSDALE, NY 10583",40.9747161,-73.8038895
DECICCO'S MARKETPLACE SLEEPY HOLLOW 23178,1 LEGEND DRIVE,SLEEPY HOLLOW,NY,10591,"1 LEGEND DRIVE, SLEEPY HOLLOW, NY 10591",41.0825392,-73.8690728
DECICCO'S MARKETPLACE SOMERS 64129,266 ROUTE 202,SOMERS,NY,10589,"266 ROUTE 202, SOMERS, NY 10589",,
DOORDASH BROOKLYN 6639,285 KINGS HWY,BROOKLYN,NY,11223,"285 KINGS HWY, BROOKLYN, NY 11223",40.6055736,-73.9800211
DOORDASH BROOKLYN 7358,157 REMSEN ST,BROOKLYN,NY,11201,"157 REMSEN ST, BROOKLYN, NY 11201",40.6935218,-73.9921272
DOORDASH BROOKLYN 8050,82 SUYDAM STREET,BROOKLYN,NY,11221,"82 SUYDAM STREET, BROOKLYN, NY 11221",40.6972996,-73.9297411
DOORDASH NEWARK 7357,375 MCCARTER HIGHWAY,NEWARK,NJ,07114,"375 MCCARTER HIGHWAY, NEWARK, NJ 07114",40.7207391,-74.1801786
DOORDASH QUEENS 4263,45-35 36TH STREET,QUEENS,NY,11101,"45-35 36TH STREET, QUEENS, NY 11101",40.7466789,-73.9284396
DOORDASH WEST BABYLON 6406,51 EADS ST,WEST BABYLON,NY,11704,"51 EADS ST, WEST BABYLON, NY 11704",,
EL RANCHO/ CALI FRESH PISMO BEACH 448157,555 FIVE CITIES DR,PISMO BEACH,CA,93449,"555 FIVE CITIES DR, PISMO BEACH, CA 93449",35.1356074,-120.6231355
EL RANCHO/ CALI FRESH PISMO BEACH 448158,555 FIVE CITIES DR,PISMO BEACH,CA,93449,"555 FIVE CITIES DR, PISMO BEACH, CA 93449",35.1356074,-120.6231355
EL RANCHO/ CALI FRESH SAN LUIS OBISPO 32230,771 E FOOTHILL BLVD,SAN LUIS OBISPO,CA,93405,"771 E FOOTHILL BLVD, SAN LUIS OBISPO, CA 93405",35.2941417,-120.6848448
EL RANCHO/ CALI FRESH SAN LUIS OBISPO 32231,771 E FOOTHILL BLVD,SAN LUIS OBISPO,CA,93405,"771 E FOOTHILL BLVD, SAN LUIS OBISPO, CA 93405",35.2941417,-120.6848448
EL RANCHO/ CALI FRESH SOLVANG 4306,2886 MISSION DR.,SOLVANG,CA,93463,"2886 MISSION DR., SOLVANG, CA 93463",34.6062824,-120.1016498
FOODSERVICE ACCOUNTS ALYS BEACH 2313,23 NORTH SOMERSET STREET,ALYS BEACH,FL,32461,"23 NORTH SOMERSET STREET, ALYS BEACH, FL 32461",30.284973,-86.0287674
FRESH DIRECT BRONX 8321,2 ALEXANDER DRIVE,BRONX,NY,10454,"2 ALEXANDER DRIVE, BRONX, NY 10454",,
GENERIC EDI THATCHER 2912,2910 WEST HWY 70 SUITE B,THATCHER,AZ,85552,"2910 WEST HWY 70 SUITE B, THATCHER, AZ 85552",,
GOPUFF BRONX 1521,1872 E TREMONT AVE,BRONX,NY,10468,"1872 E TREMONT AVE, BRONX, NY 10468",40.8407259,-73.8646695
GOPUFF BRONX 2060,780 ST ANN'S AVE,BRONX,NY,10456,"780 ST ANN'S AVE, BRONX, NY 10456",40.8202486,-73.9099765
GOPUFF BRONX 2062,3000 JEROME AVE,BRONX,NY,10468,"3000 JEROME AVE, BRONX, NY 10468",40.8738836,-73.8887721
GOPUFF BROOKLYN 2317,835 BROADWAY,BROOKLYN,NY,11206,"835 BROADWAY, BROOKLYN, NY 11206",40.6993109,-73.9388815
GOPUFF BROOKLYN 2318,535 4TH AVE,BROOKLYN,NY,11215,"535 4TH AVE, BROOKLYN, NY 11215",40.6669271,-73.9912125
GOPUFF BROOKLYN 2319,1511 86TH ST,BROOKLYN,NY,11228,"1511 86TH ST, BROOKLYN, NY 11228",40.6112879,-74.0091416
GOPUFF BROOKLYN 2997,92 E 98TH STREET,BROOKLYN,NY,11212,"92 E 98TH STREET, BROOKLYN, NY 11212",40.6643882,-73.9223931
GOPUFF HOWARD BEACH 512,133-40 79TH ST,HOWARD BEACH,NY,11414,"133-40 79TH ST, HOWARD BEACH, NY 11414",,
GOPUFF JAMAICA 4424,92-20 178TH ST,JAMAICA,NY,11432,"92-20 178TH ST, JAMAICA, NY 11432",,
GOPUFF NEW BRUNSWICK 52606,401 JERSEY AVE,NEW BRUNSWICK,NJ,08901,"401 JERSEY AVE, NEW BRUNSWICK, NJ 08901",40.4828627,-74.4653127
GOPUFF NEW YORK 1548,2680 BROADWAY,NEW YORK,NY,10025,"2680 BROADWAY, NEW YORK, NY 10025",40.7985879,-73.9685599
GOPUFF NEW YORK 2088,1356 LEXINGTON AVE,NEW YORK,NY,10128,"1356 LEXINGTON AVE, NEW YORK, NY 10128",40.7819992,-73.9539501
GOPUFF NEW YORK 2089,61 6TH AVE,NEW YORK,NY,10013,"61 6TH AVE, NEW YORK, NY 10013",40.7215689,-74.0054953
GOPUFF NEW YORK 2354,150 RIVINGTON ST,NEW YORK,NY,10002,"150 RIVINGTON ST, NEW YORK, NY 10002",40.7194319,-73.9855778
GOPUFF NEW YORK 4417,45 WEST 21ST ST,NEW YORK,NY,10010,"45 WEST 21ST ST, NEW YORK, NY 10010",40.7414407,-73.9927585
GOPUFF NEW YORK 4422,237 E 34TH ST,NEW YORK,NY,10016,"237 E 34TH ST, NEW YORK, NY 10016",40.7452596,-73.9763032
GOPUFF NEWARK 11663,375 MCCARTER HIGHWAY,NEWARK,NJ,07114,"375 MCCARTER HIGHWAY, NEWARK, NJ 07114",40.7207391,-74.1801786
GOPUFF QUEENS 6761,88 STEINWAY ST,QUEENS,NY,11103,"88 STEINWAY ST, QUEENS, NY 11103",40.765956,-73.9136909
GOPUFF UNION CITY 84837,810 31ST ST,UNION CITY,NJ,07087,"810 31ST ST, UNION CITY, NJ 07087",40.7736435,-74.0331291
HAGGEN AUBURN 46513,1406 LAKE TAPPS PKWY E,AUBURN,WA,98092,"1406 LAKE TAPPS PKWY E, AUBURN, WA 98092",,
HAGGEN BELLINGHAM 46505,2814 MERIDIAN,BELLINGHAM,WA,98225,"2814 MERIDIAN, BELLINGHAM, WA 98225",48.7676709,-122.4843513
HAGGEN BELLINGHAM 46517,1401 12TH ST,BELLINGHAM,WA,98225,"1401 12TH ST, BELLINGHAM, WA 98225",48.719084,-122.5014202
HAGGEN BELLINGHAM 46525,210 36TH ST,BELLINGHAM,WA,98225,"210 36TH ST, BELLINGHAM, WA 98225",48.7327153,-122.4718592
HAGGEN BELLINGHAM 46533,2900 WOBURN ST,BELLINGHAM,WA,98226,"2900 WOBURN ST, BELLINGHAM, WA 98226",48.7690605,-122.4445751
HAGGEN BURLINGTON 46509,757 HAGGEN DR,BURLINGTON,WA,98233,"757 HAGGEN DR, BURLINGTON, WA 98233",48.469263,-122.3389505
HAGGEN FERNDALE 46545,1815 MAIN ST,FERNDALE,WA,98248,"1815 MAIN ST, FERNDALE, WA 98248",48.8431168,-122.5806153
HAGGEN LAKE STEVENS 46553,8915 MARKET PLACE NE,LAKE STEVENS,WA,98258,"8915 MARKET PLACE NE, LAKE STEVENS, WA 98258",,
HAGGEN MARYSVILLE 46557,3711 88TH ST NW,MARYSVILLE,WA,98270,"3711 88TH ST NW, MARYSVILLE, WA 98270",,
HAGGEN MOUNT VERNON 46529,2601 EAST DIVISION,MOUNT VERNON,WA,98273,"2601 EAST DIVISION, MOUNT VERNON, WA 98273",48.4222876,-122.3075943
HAGGEN OAK HARBOR 46501,31565 SR 20 STE 1,OAK HARBOR,WA,98277,"31565 SR 20 STE 1, OAK HARBOR, WA 98277",,
HAGGEN OLYMPIA 46521,1313 COOPER PT RD SW,OLYMPIA,WA,98502,"1313 COOPER PT RD SW, OLYMPIA, WA 98502",47.0340503,-122.9411525
HAGGEN SNOHOMISH 46541,1301 AVE D,SNOHOMISH,WA,98290,"1301 AVE D, SNOHOMISH, WA 98290",47.9277604,-122.0965159
HAGGEN STANWOOD 46537,26603 72ND AVE NW,STANWOOD,WA,98292,"26603 72ND AVE NW, STANWOOD, WA 98292",48.2376966,-122.3288163
HAGGEN WOODINVILLE 46549,17641 GARDEN WAY NE,WOODINVILLE,WA,98072,"17641 GARDEN WAY NE, WOODINVILLE, WA 98072",47.7553927,-122.1569602
HARMON`S DRAPER 87288,672 EAST 11400 SOUTH,DRAPER,UT,84020,"672 EAST 11400 SOUTH, DRAPER, UT 84020",40.5421516,-111.8729934
HARMON`S DRAPER 87292,125 EAST 13800 SOUTH,DRAPER,UT,84020,"125 EAST 13800 SOUTH, DRAPER, UT 84020",40.5021587,-111.8874799
HARMON`S DRAPER 88286,672 EAST 11400 SOUTH,DRAPER,UT,84020,"672 EAST 11400 SOUTH, DRAPER, UT 84020",40.5421516,-111.8729934
HARMON`S DRAPER 88290,125 EAST 13800 SOUTH,DRAPER,UT,84020,"125 EAST 13800 SOUTH, DRAPER, UT 84020",40.5021587,-111.8874799
HARMON`S FARMINGTON 88703,200 N STATION WAY,FARMINGTON,UT,84025,"200 N STATION WAY, FARMINGTON, UT 84025",,
HARMON`S FARMINGTON 88707,200 N STATION WAY,FARMINGTON,UT,84025,"200 N STATION WAY, FARMINGTON, UT 84025",,
HARMON`S KEARNS 87285,4872 W 6200 S,KEARNS,UT,84118,"4872 W 6200 S, KEARNS, UT 84118",40.6385823,-112.0058687
HARMON`S KEARNS 88282,4872 W 6200 S,KEARNS,UT,84118,"4872 W 6200 S, KEARNS, UT 84118",40.6385823,-112.0058687
HARMON`S LEHI 42990,1750 TRAVERSE PARKWAY,LEHI,UT,84043,"1750 TRAVERSE PARKWAY, LEHI, UT 84043",40.4330562,-111.8771499
HARMON`S LEHI 42991,1750 TRAVERSE PARKWAY,LEHI,UT,84043,"1750 TRAVERSE PARKWAY, LEHI, UT 84043",40.4330562,-111.8771499
HARMON`S MIDVALE 87291,7755 SOUTH 700 EAST,MIDVALE,UT,84047,"7755 SOUTH 700 EAST, MIDVALE, UT 84047",40.6105463,-111.8705058
HARMON`S MIDVALE 88289,7755 SOUTH 700 EAST,MIDVALE,UT,84047,"7755 SOUTH 700 EAST, MIDVALE, UT 84047",40.6105463,-111.8705058
HARMON`S OREM 86727,870 EAST 800 NORTH,OREM,UT,84097,"870 EAST 800 NORTH, OREM, UT 84097",40.3252354,-111.6768205
HARMON`S OREM 88285,870 EAST 800 NORTH,OREM,UT,84097,"870 EAST 800 NORTH, OREM, UT 84097",40.3252354,-111.6768205
HARMON`S RIVERTON 61028,13330 S KESTREL RANGE RD,RIVERTON,UT,84096,"13330 S KESTREL RANGE RD, RIVERTON, UT 84096",,
HARMON`S RIVERTON 61029,13330 S KESTREL RANGE RD,RIVERTON,UT,84096,"13330 S KESTREL RANGE RD, RIVERTON, UT 84096",,
HARMON`S ROY 87283,5370 SOUTH 1900 WEST,ROY,UT,84067,"5370 SOUTH 1900 WEST, ROY, UT 84067",41.1660822,-112.0242692
HARMON`S ROY 88276,5370 SOUTH 1900 WEST,ROY,UT,84067,"5370 SOUTH 1900 WEST, ROY, UT 84067",41.1660822,-112.0242692
HARMON`S S JORDAN 87284,10507 SOUTH REDWOOD RD,S JORDAN,UT,84095,"10507 SOUTH REDWOOD RD, S JORDAN, UT 84095",40.560265,-111.9365554
HARMON`S S JORDAN 88281,10507 SOUTH REDWOOD RD,S JORDAN,UT,84095,"10507 SOUTH REDWOOD RD, S JORDAN, UT 84095",40.560265,-111.9365554
HARMON`S SALT LAKE CITY 87289,3270 SOUTH 1300 EAST,SALT LAKE CITY,UT,84106,"3270 SOUTH 1300 EAST, SALT LAKE CITY, UT 84106",40.7012982,-111.8554426
HARMON`S SALT LAKE CITY 88287,3270 SOUTH 1300 EAST,SALT LAKE CITY,UT,84106,"3270 SOUTH 1300 EAST, SALT LAKE CITY, UT 84106",40.7012982,-111.8554426
HARMON`S SALT LAKE CITY 91596,135 EAST 100 SOUTH,SALT LAKE CITY,UT,84111,"135 EAST 100 SOUTH, SALT LAKE CITY, UT 84111",40.767649,-111.8870733
HARMON`S SALT LAKE CITY 91597,135 EAST 100 SOUTH,SALT LAKE CITY,UT,84111,"135 EAST 100 SOUTH, SALT LAKE CITY, UT 84111",40.767649,-111.8870733
HARMON`S SANTA CLARA 42595,3520 PIONEER PARKWAY,SANTA CLARA,UT,84120,"3520 PIONEER PARKWAY, SANTA CLARA, UT 84120",37.14854,-113.6598653
HARMON`S SANTA CLARA 42596,3520 PIONEER PARKWAY,SANTA CLARA,UT,84765,"3520 PIONEER PARKWAY, SANTA CLARA, UT 84765",37.14854,-113.6598653
HARMON`S SOUTH JORDAN 87287,11453 S PARKWAY PLAZA DR,SOUTH JORDAN,UT,84095,"11453 S PARKWAY PLAZA DR, SOUTH JORDAN, UT 84095",,
HARMON`S SOUTH JORDAN 88284,11453 S PARKWAY PLAZA DR,SOUTH JORDAN,UT,84095,"11453 S PARKWAY PLAZA DR, SOUTH JORDAN, UT 84095",,
HARMON`S ST GEORGE 0414-1,1189 EAST 700 SOUTH,ST GEORGE,UT,84790,"1189 EAST 700 SOUTH, ST GEORGE, UT 84790",37.0977173,-113.5583451
HARMON`S ST GEORGE 0414-4,1189 EAST 700 SOUTH,ST GEORGE,UT,84790,"1189 EAST 700 SOUTH, ST GEORGE, UT 84790",37.0977173,-113.5583451
HARMON`S TAYLORSVILLE 87286,5454 SOUTH REDWOOD RD,TAYLORSVILLE,UT,84123,"5454 SOUTH REDWOOD RD, TAYLORSVILLE, UT 84123",40.6382628,-111.938648
HARMON`S TAYLORSVILLE 88283,5454 SOUTH REDWOOD RD,TAYLORSVILLE,UT,84123,"5454 SOUTH REDWOOD RD, TAYLORSVILLE, UT 84123",40.6382628,-111.938648
HARMON`S WESTVALLEY CITY 87293,3955 WEST 3500 SOUTH,WESTVALLEY CITY,UT,84120,"3955 WEST 3500 SOUTH, WESTVALLEY CITY, UT 84120",,
HARMON`S WESTVALLEY CITY 88291,3955 WEST 3500 SOUTH,WESTVALLEY CITY,UT,84120,"3955 WEST 3500 SOUTH, WESTVALLEY CITY, UT 84120",,
HEALTH & NUTRITION CENTER NEW PALTZ 21755,15 NEW PALTZ PLAZA,NEW PALTZ,NY,12561,"15 NEW PALTZ PLAZA, NEW PALTZ, NY 12561",41.7443144,-74.0686709
HEALTH NUTS NEW YORK 16723,1208 2ND AVE.   (64TH),NEW YORK,NY,10021,"1208 2ND AVE.   (64TH), NEW YORK, NY 10021",,
INDEPENDENT BROOKLYN 95151,158 KENT ST,BROOKLYN,NY,11222,"158 KENT ST, BROOKLYN, NY 11222",40.7308022,-73.9546083
INDEPENDENT EGG HARBOR TWP 12783,3112 FIRE ROAD,EGG HARBOR TWP,NJ,08234,"3112 FIRE ROAD, EGG HARBOR TWP, NJ 08234",39.3923833,-74.5612468
INDEPENDENT FLUSHING 63322,70-35 PARSON BLVD,FLUSHING,NY,11365,"70-35 PARSON BLVD, FLUSHING, NY 11365",,
INDEPENDENT FOREST HILLS 12008,72-48 AUSTIN STREET,FOREST HILLS,NY,11375,"72-48 AUSTIN STREET, FOREST HILLS, NY 11375",40.7185512,-73.8411501
INDEPENDENT HAWTHORNE 20703,44 UTTER AVE N,HAWTHORNE,NJ,07506,"44 UTTER AVE N, HAWTHORNE, NJ 07506",40.9602231,-74.1534727
INDEPENDENT HAWTHORNE 67639,44 UTTER AVENUE,HAWTHORNE,NJ,07506,"44 UTTER AVENUE, HAWTHORNE, NJ 07506",40.9602231,-74.1534727
INDEPENDENT NEW YORK 11743,365 CANAL ST,NEW YORK,NY,10013,"365 CANAL ST, NEW YORK, NY 10013",40.72121,-74.0040147
INDEPENDENT RIVERVIEW 24194,13720 SIBLEY RD,RIVERVIEW,MI,48193,"13720 SIBLEY RD, RIVERVIEW, MI 48193",42.1704153,-83.1906326
INDEPENDENT SMK MW2 BALTIMORE 11013,6213 NORTH CHARLES STREET,BALTIMORE,MD,21212,"6213 NORTH CHARLES STREET, BALTIMORE, MD 21212",39.3790913,-76.6260287
KIRK MARKET HIALEAH 90883,3740 W. 104TH ST. DOOR #8,HIALEAH,FL,33018,"3740 W. 104TH ST. DOOR #8, HIALEAH, FL 33018",,
MC2 - MIKE CHATAT G&E SPENCER 11395,459 W MORGAN ST,SPENCER,IN,47460,"459 W MORGAN ST, SPENCER, IN 47460",39.2876616,-86.767999
MORTON WILLIAM JERSEY CITY 20671,105 RIVER DR N,JERSEY CITY,NJ,07310,"105 RIVER DR N, JERSEY CITY, NJ 07310",40.729639,-74.0322691
MORTON WILLIAM JERSEY CITY 60779,105 RIVER DRIVE,JERSEY CITY,NJ,07310,"105 RIVER DRIVE, JERSEY CITY, NJ 07310",40.729639,-74.0322691
MORTON WILLIAM NEW YORK 15596,2015 BROADWAY,NEW YORK,NY,10023,"2015 BROADWAY, NEW YORK, NY 10023",40.7760315,-73.982458
MORTON WILLIAM NEW YORK 15601,2015 BROADWAY,NEW YORK,NY,10023,"2015 BROADWAY, NEW YORK, NY 10023",40.7760315,-73.982458
MORTON WILLIAM NEW YORK 20666,1211 MADISON AVE N,NEW YORK,NY,10128,"1211 MADISON AVE N, NEW YORK, NY 10128",41.1149803,-74.0452223
MORTON WILLIAM NEW YORK 20668,1331 1ST AVE,NEW YORK,NY,10021,"1331 1ST AVE, NEW YORK, NY 10021",40.7674712,-73.9564643
MORTON WILLIAM NEW YORK 20670,908 2ND AVE,NEW YORK,NY,10017,"908 2ND AVE, NEW YORK, NY 10017",40.7531531,-73.9696503
MORTON WILLIAM NEW YORK 20672,1565 1ST AVENUE,NEW YORK,NY,10028,"1565 1ST AVENUE, NEW YORK, NY 10028",40.7740003,-73.9519361
MORTON WILLIAM NEW YORK 20676,1031 1ST AVE N,NEW YORK,NY,10022,"1031 1ST AVE N, NEW YORK, NY 10022",40.7297962,-73.247543
MORTON WILLIAM NEW YORK 20681,1066 3RD AVE 63RD ST N,NEW YORK,NY,10065,"1066 3RD AVE 63RD ST N, NEW YORK, NY 10065",,
MORTON WILLIAM NEW YORK 60788,1031 1ST AVE,NEW YORK,NY,10022,"1031 1ST AVE, NEW YORK, NY 10022",40.7579561,-73.9633889
MORTON WILLIAM NEW YORK 65363,1251 THIRD AVE,NEW YORK,NY,10021,"1251 THIRD AVE, NEW YORK, NY 10021",40.8088444,-73.9303577
MORTON WILLIAM NEW YORK 65378,1251 THIRD AVE,NEW YORK,NY,10021,"1251 THIRD AVE, NEW YORK, NY 10021",40.8088444,-73.9303577
"NCG CENTRAL, ALL PGM< BLOOMINGTON 82950",316 WEST 6TH ST.,BLOOMINGTON,IN,47404,"316 WEST 6TH ST., BLOOMINGTON, IN 47404",39.1679116,-86.5371591
"NCG CENTRAL, ALL PGM> BLOOMINGTON 26011",3220 E THIRD,BLOOMINGTON,IN,47401,"3220 E THIRD, BLOOMINGTON, IN 47401",,
"NCG EAST, ALL PGM> PENSACOLA 79949",1000 E NINE MILE RD,PENSACOLA,FL,32514,"1000 E NINE MILE RD, PENSACOLA, FL 32514",30.5337751,-87.2439189
"NCGA, NATIONAL CO-OP GROCERS ASSOCIATION SANTA MONICA 8902",1525 BROADWAY,SANTA MONICA,CA,90404,"1525 BROADWAY, SANTA MONICA, CA 90404",34.0243189,-118.4827547
NEW YORK TIER 1 - 13% VD BLOOMFIELD 27124,19 BELLEVILLE AVE,BLOOMFIELD,NJ,07003,"19 BELLEVILLE AVE, BLOOMFIELD, NJ 07003",40.7974669,-74.1797792
NEW YORK TIER 1 - 13% VD BROOKLYN 27029,369 FLATBUSH AVE,BROOKLYN,NY,11238,"369 FLATBUSH AVE, BROOKLYN, NY 11238",40.6767227,-73.9716703
NEW YORK TIER 1 - 13% VD MARLBORO 27148,460 COUNTRY ROAD 520,MARLBORO,NJ,07746,"460 COUNTRY ROAD 520, MARLBORO, NJ 07746",,
NEW YORK TIER 1 - 13% VD MIDDLESEX 27280,242 LINCOLN BLVD,MIDDLESEX,NJ,08846,"242 LINCOLN BLVD, MIDDLESEX, NJ 08846",40.5627997,-74.5105532
NEW YORK TIER 2 - 15% VD GLEN HEAD 27020,1-1 PARK PLAZA,GLEN HEAD,NY,11545,"1-1 PARK PLAZA, GLEN HEAD, NY 11545",,
NEW YORK TIER 2 - 15% VD ROSLYN HEIGHTS 27014,374 ROSYLN ROAD,ROSLYN HEIGHTS,NY,11577,"374 ROSYLN ROAD, ROSLYN HEIGHTS, NY 11577",,
NEW YORK TIER 3 - 18% VD ASTORIA 26831,32-21 NEWTOWN AVENUE,ASTORIA,NY,11102,"32-21 NEWTOWN AVENUE, ASTORIA, NY 11102",40.7666807,-73.9197128
NEW YORK TIER 3 - 18% VD BROOKLYN 23278,66 FRONT STREET,BROOKLYN,NY,11201,"66 FRONT STREET, BROOKLYN, NY 11201",40.7021458,-73.9902834
NORTH SHORE MARKETPLACE GREENLAWN 21156,777 PULASKI RD N,GREENLAWN,NY,11740,"777 PULASKI RD N, GREENLAWN, NY 11740",40.8672548,-73.3498016
NORTH SHORE MARKETPLACE GREENLAWN 8310,777 PULASKI RD,GREENLAWN,NY,11740,"777 PULASKI RD, GREENLAWN, NY 11740",40.8672548,-73.3498016
NORTH SHORE MARKETPLACE HUNTINGTON 20757,205 WALL ST N,HUNTINGTON,NY,11743,"205 WALL ST N, HUNTINGTON, NY 11743",40.8783252,-73.4258079
NORTH SHORE MARKETPLACE MAYWOOD 76661,78 WEST PLEASANT AVENUE,MAYWOOD,NJ,07607,"78 WEST PLEASANT AVENUE, MAYWOOD, NJ 07607",40.9049441,-74.063488
NORTH SHORE MARKETPLACE WHITESTONE 67063,153-01 10TH AVE,WHITESTONE,NY,11357,"153-01 10TH AVE, WHITESTONE, NY 11357",40.7932729,-73.8116375
PARK SLOPE COOP BROOKLYN 22405,782 UNION ST.,BROOKLYN,NY,11215,"782 UNION ST., BROOKLYN, NY 11215",40.6747295,-73.976815
PILGRIMS COEUR D`ALENE 069730,1316 NORTH 4TH AVE,COEUR D`ALENE,ID,83814,"1316 NORTH 4TH AVE, COEUR D`ALENE, ID 83814",,
SHERRY'S PLACE BABYLON 22561,89 DEER PARK AVENUE,BABYLON,NY,11702,"89 DEER PARK AVENUE, BABYLON, NY 11702",40.6979422,-73.3227174
SHOPRITE 11800,91 FIRST AVENUE,COVINGTON,PA,18424,"91 FIRST AVENUE, COVINGTON, PA 18424",41.2636871,-75.4997315
SHOPRITE 12569,2525 BERGEY ROAD,HATFIELD,PA,19440,"2525 BERGEY ROAD, HATFIELD, PA 19440",40.2897199,-75.3041593
SHOPRITE 12590,91 FIRST AVENUE,COVINGTON,PA,18424,"91 FIRST AVENUE, COVINGTON, PA 18424",41.2636871,-75.4997315
SHOPRITE 12600,2525 BERGEY ROAD,HATFIELD,PA,19440,"2525 BERGEY ROAD, HATFIELD, PA 19440",40.2897199,-75.3041593
SHOPRITE 1581,91 FIRST AVENUE,COVINGTON,PA,18424,"91 FIRST AVENUE, COVINGTON, PA 18424",41.2636871,-75.4997315
SHOPRITE 1592,91 FIRST AVENUE,COVINGTON,PA,18424,"91 FIRST AVENUE, COVINGTON, PA 18424",41.2636871,-75.4997315
SHOPRITE 1605,91 FIRST AVENUE,COVINGTON,PA,18424,"91 FIRST AVENUE, COVINGTON, PA 18424",41.2636871,-75.4997315
SHOPRITE 1612,91 FIRST AVENUE,COVINGTON,PA,18424,"91 FIRST AVENUE, COVINGTON, PA 18424",41.2636871,-75.4997315
SHOPRITE 17947,91 FIRST AVENUE,COVINGTON,PA,18424,"91 FIRST AVENUE, COVINGTON, PA 18424",41.2636871,-75.4997315
SHOPRITE 18114,91 FIRST AVENUE,COVINGTON,PA,18424,"91 FIRST AVENUE, COVINGTON, PA 18424",41.2636871,-75.4997315
SHOPRITE 18115,91 FIRST AVENUE,COVINGTON,PA,18424,"91 FIRST AVENUE, COVINGTON, PA 18424",41.2636871,-75.4997315
SHOPRITE 18116,91 FIRST AVENUE,COVINGTON,PA,18424,"91 FIRST AVENUE, COVINGTON, PA 18424",41.2636871,-75.4997315
SHOPRITE 18118,91 FIRST AVENUE,COVINGTON,PA,18424,"91 FIRST AVENUE, COVINGTON, PA 18424",41.2636871,-75.4997315
SHOPRITE 18119,91 FIRST AVENUE,COVINGTON,PA,18424,"91 FIRST AVENUE, COVINGTON, PA 18424",41.2636871,-75.4997315
SHOPRITE 18121,91 FIRST AVENUE,COVINGTON,PA,18424,"91 FIRST AVENUE, COVINGTON, PA 18424",41.2636871,-75.4997315
SHOPRITE 18122,91 FIRST AVENUE,COVINGTON,PA,18424,"91 FIRST AVENUE, COVINGTON, PA 18424",41.2636871,-75.4997315
SHOPRITE 18124,91 FIRST AVENUE,COVINGTON,PA,18424,"91 FIRST AVENUE, COVINGTON, PA 18424",41.2636871,-75.4997315
SHOPRITE 18126,91 FIRST AVENUE,COVINGTON,PA,18424,"91 FIRST AVENUE, COVINGTON, PA 18424",41.2636871,-75.4997315
SHOPRITE 18129,91 FIRST AVENUE,COVINGTON,PA,18424,"91 FIRST AVENUE, COVINGTON, PA 18424",41.2636871,-75.4997315
SHOPRITE 18131,91 FIRST AVENUE,COVINGTON,PA,18424,"91 FIRST AVENUE, COVINGTON, PA 18424",41.2636871,-75.4997315
SHOPRITE 18137,91 FIRST AVENUE,COVINGTON,PA,18424,"91 FIRST AVENUE, COVINGTON, PA 18424",41.2636871,-75.4997315
SHOPRITE 18145,91 FIRST AVENUE,COVINGTON,PA,18424,"91 FIRST AVENUE, COVINGTON, PA 18424",41.2636871,-75.4997315
SHOPRITE 18149,91 FIRST AVENUE,COVINGTON,PA,18424,"91 FIRST AVENUE, COVINGTON, PA 18424",41.2636871,-75.4997315
SHOPRITE 18150,91 FIRST AVENUE,COVINGTON,PA,18424,"91 FIRST AVENUE, COVINGTON, PA 18424",41.2636871,-75.4997315
SHOPRITE 18156,2525 BERGEY ROAD,HATFIELD,PA,19440,"2525 BERGEY ROAD, HATFIELD, PA 19440",40.2897199,-75.3041593
SHOPRITE 18158,2525 BERGEY ROAD,HATFIELD,PA,19440,"2525 BERGEY ROAD, HATFIELD, PA 19440",40.2897199,-75.3041593
SHOPRITE 18160,2525 BERGEY ROAD,HATFIELD,PA,19440,"2525 BERGEY ROAD, HATFIELD, PA 19440",40.2897199,-75.3041593
SHOPRITE 18171,2525 BERGEY ROAD,HATFIELD,PA,19440,"2525 BERGEY ROAD, HATFIELD, PA 19440",40.2897199,-75.3041593
SHOPRITE 18174,2525 BERGEY ROAD,HATFIELD,PA,19440,"2525 BERGEY ROAD, HATFIELD, PA 19440",40.2897199,-75.3041593
SHOPRITE 18175,2525 BERGEY ROAD,HATFIELD,PA,19440,"2525 BERGEY ROAD, HATFIELD, PA 19440",40.2897199,-75.3041593
SHOPRITE 18229,91 FIRST AVENUE,COVINGTON,PA,18424,"91 FIRST AVENUE, COVINGTON, PA 18424",41.2636871,-75.4997315
SHOPRITE 18275,91 FIRST AVENUE,COVINGTON,PA,18424,"91 FIRST AVENUE, COVINGTON, PA 18424",41.2636871,-75.4997315
SHOPRITE 18278,2525 BERGEY ROAD,HATFIELD,PA,19440,"2525 BERGEY ROAD, HATFIELD, PA 19440",40.2897199,-75.3041593
SHOPRITE 18307,91 FIRST AVENUE,COVINGTON,PA,18424,"91 FIRST AVENUE, COVINGTON, PA 18424",41.2636871,-75.4997315
SHOPRITE 18321,2525 BERGEY ROAD,HATFIELD,PA,19440,"2525 BERGEY ROAD, HATFIELD, PA 19440",40.2897199,-75.3041593
SHOPRITE 18399,2525 BERGEY ROAD,HATFIELD,PA,19440,"2525 BERGEY ROAD, HATFIELD, PA 19440",40.2897199,-75.3041593
SHOPRITE 18403,91 FIRST AVENUE,COVINGTON,PA,18424,"91 FIRST AVENUE, COVINGTON, PA 18424",41.2636871,-75.4997315
SHOPRITE 18415,91 FIRST AVENUE,COVINGTON,PA,18424,"91 FIRST AVENUE, COVINGTON, PA 18424",41.2636871,-75.4997315
SHOPRITE 18438,91 FIRST AVENUE,COVINGTON,PA,18424,"91 FIRST AVENUE, COVINGTON, PA 18424",41.2636871,-75.4997315
SHOPRITE 18467,91 FIRST AVENUE,COVINGTON,PA,18424,"91 FIRST AVENUE, COVINGTON, PA 18424",41.2636871,-75.4997315
SHOPRITE 18469,91 FIRST AVENUE,COVINGTON,PA,18424,"91 FIRST AVENUE, COVINGTON, PA 18424",41.2636871,-75.4997315
SHOPRITE 18478,91 FIRST AVENUE,COVINGTON,PA,18424,"91 FIRST AVENUE, COVINGTON, PA 18424",41.2636871,-75.4997315
SHOPRITE 18534,91 FIRST AVENUE,COVINGTON,PA,18424,"91 FIRST AVENUE, COVINGTON, PA 18424",41.2636871,-75.4997315
SHOPRITE 18581,91 FIRST AVENUE,COVINGTON,PA,18424,"91 FIRST AVENUE, COVINGTON, PA 18424",41.2636871,-75.4997315
SHOPRITE 18582,91 FIRST AVENUE,COVINGTON,PA,18424,"91 FIRST AVENUE, COVINGTON, PA 18424",41.2636871,-75.4997315
SHOPRITE 18583,91 FIRST AVENUE,COVINGTON,PA,18424,"91 FIRST AVENUE, COVINGTON, PA 18424",41.2636871,-75.4997315
SHOPRITE 18585,91 FIRST AVENUE,COVINGTON,PA,18424,"91 FIRST AVENUE, COVINGTON, PA 18424",41.2636871,-75.4997315
SHOPRITE 18586,91 FIRST AVENUE,COVINGTON,PA,18424,"91 FIRST AVENUE, COVINGTON, PA 18424",41.2636871,-75.4997315
SHOPRITE 18798,91 FIRST AVENUE,COVINGTON,PA,18424,"91 FIRST AVENUE, COVINGTON, PA 18424",41.2636871,-75.4997315
SHOPRITE 18800,91 FIRST AVENUE,COVINGTON,PA,18424,"91 FIRST AVENUE, COVINGTON, PA 18424",41.2636871,-75.4997315
SHOPRITE 18801,2525 BERGEY ROAD,HATFIELD,PA,19440,"2525 BERGEY ROAD, HATFIELD, PA 19440",40.2897199,-75.3041593
SHOPRITE 18849,91 FIRST AVENUE,COVINGTON,PA,18424,"91 FIRST AVENUE, COVINGTON, PA 18424",41.2636871,-75.4997315
SHOPRITE 19026,2525 BERGEY ROAD,HATFIELD,PA,19440,"2525 BERGEY ROAD, HATFIELD, PA 19440",40.2897199,-75.3041593
SHOPRITE 19048,2525 BERGEY ROAD,HATFIELD,PA,19440,"2525 BERGEY ROAD, HATFIELD, PA 19440",40.2897199,-75.3041593
SHOPRITE 19062,2525 BERGEY ROAD,HATFIELD,PA,19440,"2525 BERGEY ROAD, HATFIELD, PA 19440",40.2897199,-75.3041593
SHOPRITE 19092,2525 BERGEY ROAD,HATFIELD,PA,19440,"2525 BERGEY ROAD, HATFIELD, PA 19440",40.2897199,-75.3041593
SHOPRITE 19093,2525 BERGEY ROAD,HATFIELD,PA,19440,"2525 BERGEY ROAD, HATFIELD, PA 19440",40.2897199,-75.3041593
SHOPRITE 20098,91 FIRST AVENUE,COVINGTON,PA,18424,"91 FIRST AVENUE, COVINGTON, PA 18424",41.2636871,-75.4997315
SHOPRITE 20276,91 FIRST AVENUE,COVINGTON,PA,18424,"91 FIRST AVENUE, COVINGTON, PA 18424",41.2636871,-75.4997315
SHOPRITE 20280,91 FIRST AVENUE,COVINGTON,PA,18424,"91 FIRST AVENUE, COVINGTON, PA 18424",41.2636871,-75.4997315
SHOPRITE 20304,2525 BERGEY ROAD,HATFIELD,PA,19440,"2525 BERGEY ROAD, HATFIELD, PA 19440",40.2897199,-75.3041593
SHOPRITE 20362,91 FIRST AVENUE,COVINGTON,PA,18424,"91 FIRST AVENUE, COVINGTON, PA 18424",41.2636871,-75.4997315
SHOPRITE 20374,91 FIRST AVENUE,COVINGTON,PA,18424,"91 FIRST AVENUE, COVINGTON, PA 18424",41.2636871,-75.4997315
SHOPRITE 20382,2525 BERGEY ROAD,HATFIELD,PA,19440,"2525 BERGEY ROAD, HATFIELD, PA 19440",40.2897199,-75.3041593
SHOPRITE 20386,2525 BERGEY ROAD,HATFIELD,PA,19440,"2525 BERGEY ROAD, HATFIELD, PA 19440",40.2897199,-75.3041593
SHOPRITE 20398,2525 BERGEY ROAD,HATFIELD,PA,19440,"2525 BERGEY ROAD, HATFIELD, PA 19440",40.2897199,-75.3041593
SHOPRITE 2066,91 FIRST AVENUE,COVINGTON,PA,18424,"91 FIRST AVENUE, COVINGTON, PA 18424",41.2636871,-75.4997315
SHOPRITE 21973,91 FIRST AVENUE,COVINGTON,PA,18424,"91 FIRST AVENUE, COVINGTON, PA 18424",41.2636871,-75.4997315
SHOPRITE 22181,91 FIRST AVENUE,COVINGTON,PA,18424,"91 FIRST AVENUE, COVINGTON, PA 18424",41.2636871,-75.4997315
SHOPRITE 23482,91 FIRST AVENUE,COVINGTON,PA,18424,"91 FIRST AVENUE, COVINGTON, PA 18424",41.2636871,-75.4997315
SHOPRITE 23892,91 FIRST AVENUE,COVINGTON,PA,18424,"91 FIRST AVENUE, COVINGTON, PA 18424",41.2636871,-75.4997315
SHOPRITE 23915,2525 BERGEY ROAD,HATFIELD,PA,19440,"2525 BERGEY ROAD, HATFIELD, PA 19440",40.2897199,-75.3041593
SHOPRITE 23921,91 FIRST AVENUE,COVINGTON,PA,18424,"91 FIRST AVENUE, COVINGTON, PA 18424",41.2636871,-75.4997315
SHOPRITE 23928,91 FIRST AVENUE,COVINGTON,PA,18424,"91 FIRST AVENUE, COVINGTON, PA 18424",41.2636871,-75.4997315
SHOPRITE 24519,91 FIRST AVENUE,COVINGTON,PA,18424,"91 FIRST AVENUE, COVINGTON, PA 18424",41.2636871,-75.4997315
SHOPRITE 25041,2525 BERGEY ROAD,HATFIELD,PA,19440,"2525 BERGEY ROAD, HATFIELD, PA 19440",40.2897199,-75.3041593
SHOPRITE 25066,2525 BERGEY ROAD,HATFIELD,PA,19440,"2525 BERGEY ROAD, HATFIELD, PA 19440",40.2897199,-75.3041593
SHOPRITE 25534,91 FIRST AVENUE,COVINGTON,PA,18424,"91 FIRST AVENUE, COVINGTON, PA 18424",41.2636871,-75.4997315
SHOPRITE 2635,91 FIRST AVENUE,COVINGTON,PA,18424,"91 FIRST AVENUE, COVINGTON, PA 18424",41.2636871,-75.4997315
SHOPRITE 26357,91 FIRST AVENUE,COVINGTON,PA,18424,"91 FIRST AVENUE, COVINGTON, PA 18424",41.2636871,-75.4997315
SHOPRITE 26413,91 FIRST AVENUE,COVINGTON,PA,18424,"91 FIRST AVENUE, COVINGTON, PA 18424",41.2636871,-75.4997315
SHOPRITE 26814,2525 BERGEY ROAD,HATFIELD,PA,19440,"2525 BERGEY ROAD, HATFIELD, PA 19440",40.2897199,-75.3041593
SHOPRITE 27235,91 FIRST AVENUE,COVINGTON,PA,18424,"91 FIRST AVENUE, COVINGTON, PA 18424",41.2636871,-75.4997315
SHOPRITE 29551,91 FIRST AVENUE,COVINGTON,PA,18424,"91 FIRST AVENUE, COVINGTON, PA 18424",41.2636871,-75.4997315
SHOPRITE 32496,91 FIRST AVENUE,COVINGTON,PA,18424,"91 FIRST AVENUE, COVINGTON, PA 18424",41.2636871,-75.4997315
SHOPRITE 32579,91 FIRST AVENUE,COVINGTON,PA,18424,"91 FIRST AVENUE, COVINGTON, PA 18424",41.2636871,-75.4997315
SHOPRITE 32596,91 FIRST AVENUE,COVINGTON,PA,18424,"91 FIRST AVENUE, COVINGTON, PA 18424",41.2636871,-75.4997315
SHOPRITE 32644,91 FIRST AVENUE,COVINGTON,PA,18424,"91 FIRST AVENUE, COVINGTON, PA 18424",41.2636871,-75.4997315
SHOPRITE 33092,91 FIRST AVENUE,COVINGTON,PA,18424,"91 FIRST AVENUE, COVINGTON, PA 18424",41.2636871,-75.4997315
SHOPRITE 33149,91 FIRST AVENUE,COVINGTON,PA,18424,"91 FIRST AVENUE, COVINGTON, PA 18424",41.2636871,-75.4997315
SHOPRITE 33809,91 FIRST AVENUE,COVINGTON,PA,18424,"91 FIRST AVENUE, COVINGTON, PA 18424",41.2636871,-75.4997315
SHOPRITE 36884,91 FIRST AVENUE,COVINGTON,PA,18424,"91 FIRST AVENUE, COVINGTON, PA 18424",41.2636871,-75.4997315
SHOPRITE 37102,91 FIRST AVENUE,COVINGTON,PA,18424,"91 FIRST AVENUE, COVINGTON, PA 18424",41.2636871,-75.4997315
SHOPRITE 37196,91 FIRST AVENUE,COVINGTON,PA,18424,"91 FIRST AVENUE, COVINGTON, PA 18424",41.2636871,-75.4997315
SHOPRITE 38760,91 FIRST AVENUE,COVINGTON,PA,18424,"91 FIRST AVENUE, COVINGTON, PA 18424",41.2636871,-75.4997315
SHOPRITE 38769,91 FIRST AVENUE,COVINGTON,PA,18424,"91 FIRST AVENUE, COVINGTON, PA 18424",41.2636871,-75.4997315
SHOPRITE 38773,91 FIRST AVENUE,COVINGTON,PA,18424,"91 FIRST AVENUE, COVINGTON, PA 18424",41.2636871,-75.4997315
SHOPRITE 38838,91 FIRST AVENUE,COVINGTON,PA,18424,"91 FIRST AVENUE, COVINGTON, PA 18424",41.2636871,-75.4997315
SHOPRITE 38842,91 FIRST AVENUE,COVINGTON,PA,18424,"91 FIRST AVENUE, COVINGTON, PA 18424",41.2636871,-75.4997315
SHOPRITE 38860,91 FIRST AVENUE,COVINGTON,PA,18424,"91 FIRST AVENUE, COVINGTON, PA 18424",41.2636871,-75.4997315
SHOPRITE 38864,91 FIRST AVENUE,COVINGTON,PA,18424,"91 FIRST AVENUE, COVINGTON, PA 18424",41.2636871,-75.4997315
SHOPRITE 39133,91 FIRST AVENUE,COVINGTON,PA,18424,"91 FIRST AVENUE, COVINGTON, PA 18424",41.2636871,-75.4997315
SHOPRITE 39137,91 FIRST AVENUE,COVINGTON,PA,18424,"91 FIRST AVENUE, COVINGTON, PA 18424",41.2636871,-75.4997315
SHOPRITE 39142,91 FIRST AVENUE,COVINGTON,PA,18424,"91 FIRST AVENUE, COVINGTON, PA 18424",41.2636871,-75.4997315
SHOPRITE 41901,2525 BERGEY ROAD,HATFIELD,PA,19440,"2525 BERGEY ROAD, HATFIELD, PA 19440",40.2897199,-75.3041593
SHOPRITE 42084,2525 BERGEY ROAD,HATFIELD,PA,19440,"2525 BERGEY ROAD, HATFIELD, PA 19440",40.2897199,-75.3041593
SHOPRITE 48012,91 FIRST AVENUE,COVINGTON,PA,18424,"91 FIRST AVENUE, COVINGTON, PA 18424",41.2636871,-75.4997315
SHOPRITE 5190,2525 BERGEY ROAD,HATFIELD,PA,19440,"2525 BERGEY ROAD, HATFIELD, PA 19440",40.2897199,-75.3041593
SHOPRITE 5199,2525 BERGEY ROAD,HATFIELD,PA,19440,"2525 BERGEY ROAD, HATFIELD, PA 19440",40.2897199,-75.3041593
SHOPRITE 57176,91 FIRST AVENUE,COVINGTON,PA,18424,"91 FIRST AVENUE, COVINGTON, PA 18424",41.2636871,-75.4997315
SHOPRITE 57183,91 FIRST AVENUE,COVINGTON,PA,18424,"91 FIRST AVENUE, COVINGTON, PA 18424",41.2636871,-75.4997315
SHOPRITE 57190,91 FIRST AVENUE,COVINGTON,PA,18424,"91 FIRST AVENUE, COVINGTON, PA 18424",41.2636871,-75.4997315
SHOPRITE 57197,2525 BERGEY ROAD,HATFIELD,PA,19440,"2525 BERGEY ROAD, HATFIELD, PA 19440",40.2897199,-75.3041593
SHOPRITE 64186,91 FIRST AVENUE,COVINGTON,PA,18424,"91 FIRST AVENUE, COVINGTON, PA 18424",41.2636871,-75.4997315
SHOPRITE 6540,2525 BERGEY ROAD,HATFIELD,PA,19440,"2525 BERGEY ROAD, HATFIELD, PA 19440",40.2897199,-75.3041593
SHOPRITE 708,91 FIRST AVENUE,COVINGTON,PA,18424,"91 FIRST AVENUE, COVINGTON, PA 18424",41.2636871,-75.4997315
SHOPRITE 7494,91 FIRST AVENUE,COVINGTON,PA,18424,"91 FIRST AVENUE, COVINGTON, PA 18424",41.2636871,-75.4997315
SHOPRITE 77772,91 FIRST AVENUE,COVINGTON,PA,18424,"91 FIRST AVENUE, COVINGTON, PA 18424",41.2636871,-75.4997315
SHOPRITE 7844,91 FIRST AVENUE,COVINGTON,PA,18424,"91 FIRST AVENUE, COVINGTON, PA 18424",41.2636871,-75.4997315
SHOPRITE 8132,91 FIRST AVENUE,COVINGTON,PA,18424,"91 FIRST AVENUE, COVINGTON, PA 18424",41.2636871,-75.4997315
SHOPRITE 8140,91 FIRST AVENUE,COVINGTON,PA,18424,"91 FIRST AVENUE, COVINGTON, PA 18424",41.2636871,-75.4997315
SHOPRITE 83431,91 FIRST AVENUE,COVINGTON,PA,18424,"91 FIRST AVENUE, COVINGTON, PA 18424",41.2636871,-75.4997315
SHOPRITE 83439,2525 BERGEY ROAD,HATFIELD,PA,19440,"2525 BERGEY ROAD, HATFIELD, PA 19440",40.2897199,-75.3041593
SHOPRITE 83926,91 FIRST AVENUE,COVINGTON,PA,18424,"91 FIRST AVENUE, COVINGTON, PA 18424",41.2636871,-75.4997315
SHOPRITE 84005,91 FIRST AVENUE,COVINGTON,PA,18424,"91 FIRST AVENUE, COVINGTON, PA 18424",41.2636871,-75.4997315
SHOPRITE 86487,91 FIRST AVENUE,COVINGTON,PA,18424,"91 FIRST AVENUE, COVINGTON, PA 18424",41.2636871,-75.4997315
SHOPRITE 87159,2525 BERGEY ROAD,HATFIELD,PA,19440,"2525 BERGEY ROAD, HATFIELD, PA 19440",40.2897199,-75.3041593
SHOPRITE 94825,91 FIRST AVENUE,COVINGTON,PA,18424,"91 FIRST AVENUE, COVINGTON, PA 18424",41.2636871,-75.4997315
SHOPRITE 96538,91 FIRST AVENUE,COVINGTON,PA,18424,"91 FIRST AVENUE, COVINGTON, PA 18424",41.2636871,-75.4997315
SHOPRITE 97201,91 FIRST AVENUE,COVINGTON,PA,18424,"91 FIRST AVENUE, COVINGTON, PA 18424",41.2636871,-75.4997315
SHOPRITE 98002,2525 BERGEY ROAD,HATFIELD,PA,19440,"2525 BERGEY ROAD, HATFIELD, PA 19440",40.2897199,-75.3041593
SHOPRITE 98455,91 FIRST AVENUE,COVINGTON,PA,18424,"91 FIRST AVENUE, COVINGTON, PA 18424",41.2636871,-75.4997315
SINGLE STORE CALIFORNIA CAMBRIA 31787,2244 MAIN ST,CAMBRIA,CA,93428-3018,"2244 MAIN ST, CAMBRIA, CA 93428-3018",35.5639666,-121.0820206
SINGLE STORE WASHINGTON SEATTLE 001300,2400 6TH AVENUE W.,SEATTLE,WA,98119,"2400 6TH AVENUE W., SEATTLE, WA 98119",47.6398029,-122.36455
SPROUTS COCONUT GROVE 17017,2750 SW 27TH TERRACE,COCONUT GROVE,FL,33133,"2750 SW 27TH TERRACE, COCONUT GROVE, FL 33133",,
SPROUTS FULLERTON 1235-2,1447 S HARBOR BLVD,FULLERTON,CA,92832,"1447 S HARBOR BLVD, FULLERTON, CA 92832",33.8565973,-117.9259455
SPROUTS HARSTDALE 32073,393 N CENTRAL AVE STE B,HARSTDALE,NY,10530,"393 N CENTRAL AVE STE B, HARSTDALE, NY 10530",,
SPROUTS MESA 0803-1,1933 EAST BROWN RD,MESA,AZ,85203,"1933 EAST BROWN RD, MESA, AZ 85203",33.4370957,-111.7894043
SPROUTS PALM HARBOR 28933,33650 US HWY 19 N,PALM HARBOR,FL,34683,"33650 US HWY 19 N, PALM HARBOR, FL 34683",,
SPROUTS PHILADELPHIA 62543,1000 S BROAD ST STE C,PHILADELPHIA,PA,19147,"1000 S BROAD ST STE C, PHILADELPHIA, PA 19147",,
SPROUTS REDLANDS 33392,560 W STUART AVE,REDLANDS,CA,92373,"560 W STUART AVE, REDLANDS, CA 92373",34.0608242,-117.188594
SPROUTS SAN DIEGO 8290-7,4175 PARK BLVD.,SAN DIEGO,CA,92103,"4175 PARK BLVD., SAN DIEGO, CA 92103",32.7533293,-117.1458903
SPROUTS TAMPA 23951,1523 S DALE MABRY HWY,TAMPA,FL,33629,"1523 S DALE MABRY HWY, TAMPA, FL 33629",27.9292745,-82.5064314
SPROUTS TAMPA 9091,15110 N DALE MABRY HWY,TAMPA,FL,33618,"15110 N DALE MABRY HWY, TAMPA, FL 33618",28.088216,-82.505906
SPROUTS THOUSAND OAKS 6049-2,600 W HILLCREST DR,THOUSAND OAKS,CA,91360,"600 W HILLCREST DR, THOUSAND OAKS, CA 91360",34.1849321,-118.8922627
"SUNAC,SHINE,NAMI BROOKLYN 67490",440-446 UNION AVE,BROOKLYN,NY,11211,"440-446 UNION AVE, BROOKLYN, NY 11211",40.7168015,-73.9520725
THE FRESH MARKET AIKEN 54661,1400 WHISKEY ROAD,AIKEN,SC,29803,"1400 WHISKEY ROAD, AIKEN, SC 29803",33.5339703,-81.7227778
THE FRESH MARKET ALEXANDRIA 43076,3680 KING STREET,ALEXANDRIA,VA,22302,"3680 KING STREET, ALEXANDRIA, VA 22302",38.8290056,-77.0926307
THE FRESH MARKET ALGONQUIN 22871,2216 SOUTH RANDALL RD,ALGONQUIN,IL,60102,"2216 SOUTH RANDALL RD, ALGONQUIN, IL 60102",42.1476639,-88.3372418
THE FRESH MARKET ALPHARETTA 54530,3005 OLD ALABAMA ROAD,ALPHARETTA,GA,30022,"3005 OLD ALABAMA ROAD, ALPHARETTA, GA 30022",34.0204681,-84.272201
THE FRESH MARKET ANNAPOLIS 94960,2504 SOLOMONS ISLAND RD,ANNAPOLIS,MD,21401,"2504 SOLOMONS ISLAND RD, ANNAPOLIS, MD 21401",38.9759028,-76.5448065
THE FRESH MARKET ASHEVILLE 12735,944 MERRIMON AVENUE,ASHEVILLE,NC,28804,"944 MERRIMON AVENUE, ASHEVILLE, NC 28804",35.6304201,-82.5539083
THE FRESH MARKET ASHEVILLE 46615,1378 HENDERSONVILLE RD,ASHEVILLE,NC,28803,"1378 HENDERSONVILLE RD, ASHEVILLE, NC 28803",35.523092,-82.5285157
THE FRESH MARKET ATHENS 36722,196 ALPS ROAD,ATHENS,GA,30606,"196 ALPS ROAD, ATHENS, GA 30606",33.9439821,-83.4111765
THE FRESH MARKET ATLANTA 43227,2099 PEACHTREE ROAD NE,ATLANTA,GA,30309,"2099 PEACHTREE ROAD NE, ATLANTA, GA 30309",33.809657,-84.392792
THE FRESH MARKET ATLANTA 54643,4405 ROSWELL ROAD,ATLANTA,GA,30342,"4405 ROSWELL ROAD, ATLANTA, GA 30342",33.8743845,-84.3799294
THE FRESH MARKET AUGUSTA 39528,2701 WASHINGTON RD STE 12,AUGUSTA,GA,30909,"2701 WASHINGTON RD STE 12, AUGUSTA, GA 30909",,
THE FRESH MARKET AVENTURA 29149,19205 BISCAYNE BLVD,AVENTURA,FL,33180,"19205 BISCAYNE BLVD, AVENTURA, FL 33180",25.9531001,-80.1449582
THE FRESH MARKET AVENTURA 90516,18299 BISCAYNE BOULEVARD,AVENTURA,FL,33160,"18299 BISCAYNE BOULEVARD, AVENTURA, FL 33160",25.9446596,-80.1469087
THE FRESH MARKET AVON 18528,315 WEST MAIN STREET,AVON,CT,06001,"315 WEST MAIN STREET, AVON, CT 06001",41.8138173,-72.8590296
THE FRESH MARKET BALTIMORE 28634,2510 QUARRY LAKE DRIVE,BALTIMORE,MD,21209,"2510 QUARRY LAKE DRIVE, BALTIMORE, MD 21209",39.3855484,-76.6869743
THE FRESH MARKET BATON ROUGE 43245,10555 PERKINS ROAD,BATON ROUGE,LA,70810,"10555 PERKINS ROAD, BATON ROUGE, LA 70810",30.377742,-91.0933033
THE FRESH MARKET BEDMINSTER 43075,75 WASHINGTON VALLEY RD,BEDMINSTER,NJ,07921,"75 WASHINGTON VALLEY RD, BEDMINSTER, NJ 07921",40.6471938,-74.6394859
THE FRESH MARKET BOCA RATON 12637,5540 N. MILITARY TRAIL,BOCA RATON,FL,33496,"5540 N. MILITARY TRAIL, BOCA RATON, FL 33496",26.396281,-80.1216282
THE FRESH MARKET BOCA RATON 4624,20409 SOUTH STATE RD 7,BOCA RATON,FL,33498,"20409 SOUTH STATE RD 7, BOCA RATON, FL 33498",,
THE FRESH MARKET BOCA RATON 91906,100 WEST CAMINO REAL,BOCA RATON,FL,33432,"100 WEST CAMINO REAL, BOCA RATON, FL 33432",26.3400272,-80.0901162
THE FRESH MARKET BONITA SPRINGS 54601,27251 BAY LANDING DRIVE,BONITA SPRINGS,FL,34135,"27251 BAY LANDING DRIVE, BONITA SPRINGS, FL 34135",26.3427632,-81.805249
THE FRESH MARKET BRADENTON 31578,6701 MANATEE AVENUE W,BRADENTON,FL,34209,"6701 MANATEE AVENUE W, BRADENTON, FL 34209",27.4961561,-82.6286417
THE FRESH MARKET BRENTWOOD 43229,235 FRANKLIN ROAD,BRENTWOOD,TN,37027,"235 FRANKLIN ROAD, BRENTWOOD, TN 37027",36.0311208,-86.7900639
THE FRESH MARKET CARMEL 12483,1392 S RANGELINE RD,CARMEL,IN,46032,"1392 S RANGELINE RD, CARMEL, IN 46032",,
THE FRESH MARKET CARMEL 43238,2490 EAST 146TH STREET,CARMEL,IN,46033,"2490 EAST 146TH STREET, CARMEL, IN 46033",40.0002429,-86.1142565
THE FRESH MARKET CARY 54507,3655 SW CARY PARKWAY,CARY,NC,27513,"3655 SW CARY PARKWAY, CARY, NC 27513",35.7821006,-78.8383136
THE FRESH MARKET CENTER VALLEY 90521,3060 CENTER VALLEY PKWAY,CENTER VALLEY,PA,18034,"3060 CENTER VALLEY PKWAY, CENTER VALLEY, PA 18034",,
THE FRESH MARKET CHAPEL HILL 38779,1200-A RALEIGH ROAD,CHAPEL HILL,NC,27517,"1200-A RALEIGH ROAD, CHAPEL HILL, NC 27517",35.9041809,-79.0141433
THE FRESH MARKET CHARLOTTE 54522,4207 PROVIDENCE ROAD,CHARLOTTE,NC,28211,"4207 PROVIDENCE ROAD, CHARLOTTE, NC 28211",35.1560682,-80.7961055
THE FRESH MARKET CHARLOTTE 54523,7625 PINEVILLE/MATTHEWS R,CHARLOTTE,NC,28226,"7625 PINEVILLE/MATTHEWS R, CHARLOTTE, NC 28226",,
THE FRESH MARKET CHARLOTTE 54730,10828 PROVIDENCE ROAD,CHARLOTTE,NC,28277,"10828 PROVIDENCE ROAD, CHARLOTTE, NC 28277",35.06233,-80.77084
THE FRESH MARKET CHARLOTTE 54798,1408 EAST BOULEVARD,CHARLOTTE,NC,28203,"1408 EAST BOULEVARD, CHARLOTTE, NC 28203",35.1997427,-80.8442833
THE FRESH MARKET CHATTANOOGA 39531,2288 GUNBARREL RD,CHATTANOOGA,TN,37421,"2288 GUNBARREL RD, CHATTANOOGA, TN 37421",35.0384679,-85.1488931
THE FRESH MARKET CHICAGO 22041,2730 N HALSTED ST,CHICAGO,IL,60614,"2730 N HALSTED ST, CHICAGO, IL 60614",41.9319536,-87.6490941
THE FRESH MARKET CHICAGO 66863,1233 NORTH WELLS ST,CHICAGO,IL,60610,"1233 NORTH WELLS ST, CHICAGO, IL 60610",41.9042562,-87.6343827
THE FRESH MARKET CINCINNATI 38777,3088 MADISON ROAD,CINCINNATI,OH,45209,"3088 MADISON ROAD, CINCINNATI, OH 45209",39.1536819,-84.4311031
THE FRESH MARKET CINCINNATI 39534,7888 MONTGOMERY RD,CINCINNATI,OH,45236,"7888 MONTGOMERY RD, CINCINNATI, OH 45236",39.1894491,-84.4116975
THE FRESH MARKET CLEARWATER 54524,25961 U.S HIGHWAY 19,CLEARWATER,FL,33763,"25961 U.S HIGHWAY 19, CLEARWATER, FL 33763",,
THE FRESH MARKET COLUMBIA 26383,10286 TWO NOTCH RD,COLUMBIA,SC,29229,"10286 TWO NOTCH RD, COLUMBIA, SC 29229",34.1231683,-80.872861
THE FRESH MARKET COLUMBIA 54485,4840 FOREST DRIVE,COLUMBIA,SC,29206,"4840 FOREST DRIVE, COLUMBIA, SC 29206",34.017514,-80.9639625
THE FRESH MARKET COLUMBUS 99805,1591 BRADLEY PARK DRIVE,COLUMBUS,GA,31904,"1591 BRADLEY PARK DRIVE, COLUMBUS, GA 31904",32.5348668,-84.9715787
THE FRESH MARKET CORAL SPRINGS 54525,4633 UNIVERSITY DRIVE,CORAL SPRINGS,FL,33067,"4633 UNIVERSITY DRIVE, CORAL SPRINGS, FL 33067",26.2874824,-80.2501748
THE FRESH MARKET CORNELIUS 38783,20623 TORRENCE CHAPEL RD,CORNELIUS,NC,28031,"20623 TORRENCE CHAPEL RD, CORNELIUS, NC 28031",35.484319,-80.8771159
THE FRESH MARKET CRYSTAL LAKE 12808,6000 NORTHWEST HIGHWAY,CRYSTAL LAKE,IL,60014,"6000 NORTHWEST HIGHWAY, CRYSTAL LAKE, IL 60014",42.2281419,-88.3130311
THE FRESH MARKET DAPHNE 20154,6900 US HIGHWAY 90 STE 2,DAPHNE,AL,36526,"6900 US HIGHWAY 90 STE 2, DAPHNE, AL 36526",,
THE FRESH MARKET DELRAY BEACH 46244,1727 SOUTH FEDERAL HWAY,DELRAY BEACH,FL,33483,"1727 SOUTH FEDERAL HWAY, DELRAY BEACH, FL 33483",,
THE FRESH MARKET DESTIN 98018,4495 COMMONS DRIVE WEST,DESTIN,FL,32541,"4495 COMMONS DRIVE WEST, DESTIN, FL 32541",30.3903339,-86.4455913
THE FRESH MARKET DORAL 29675,8400 NW 36TH STREET,DORAL,FL,33122,"8400 NW 36TH STREET, DORAL, FL 33122",25.8091738,-80.3329803
THE FRESH MARKET DUNWOODY 54570,5515 CHAMBLEE-DUNWOODY RD,DUNWOODY,GA,30338,"5515 CHAMBLEE-DUNWOODY RD, DUNWOODY, GA 30338",33.9484583,-84.3347217
THE FRESH MARKET DURHAM 54743,4215 UNIVERSITY DRIVE,DURHAM,NC,27707,"4215 UNIVERSITY DRIVE, DURHAM, NC 27707",35.9628698,-78.9581961
THE FRESH MARKET EVANSVILLE 4868,6401 EAST LLOYD EXPWAY,EVANSVILLE,IN,47715,"6401 EAST LLOYD EXPWAY, EVANSVILLE, IN 47715",,
THE FRESH MARKET FARRAGUT 39530,11535 KINGSTON PIKE,FARRAGUT,TN,37934,"11535 KINGSTON PIKE, FARRAGUT, TN 37934",35.8808325,-84.1652535
THE FRESH MARKET FAYETTEVILLE 54753,230 GLENSFORD DRIVE,FAYETTEVILLE,NC,28314,"230 GLENSFORD DRIVE, FAYETTEVILLE, NC 28314",35.0665623,-78.9608134
THE FRESH MARKET FLEMING ISLAND 54881,1960-100 EAST WEST PARKWA,FLEMING ISLAND,FL,32003,"1960-100 EAST WEST PARKWA, FLEMING ISLAND, FL 32003",,
THE FRESH MARKET FORT LAUDERDALE 54811,3820 N. FEDERAL HIGHWAY,FORT LAUDERDALE,FL,33308,"3820 N. FEDERAL HIGHWAY, FORT LAUDERDALE, FL 33308",26.1749437,-80.1187548
THE FRESH MARKET FT LAUDERDALE 18529,424 N FEDERAL HIGHWAY,FT LAUDERDALE,FL,33301,"424 N FEDERAL HIGHWAY, FT LAUDERDALE, FL 33301",26.1271994,-80.1366712
THE FRESH MARKET FT MYERS 93874,13499 S CLEVELAND AVENUE,FT MYERS,FL,33907,"13499 S CLEVELAND AVENUE, FT MYERS, FL 33907",26.5486781,-81.8699827
THE FRESH MARKET FT WAYNE 43228,6306 WEST JEFFERSON BLVD,FT WAYNE,IN,46804,"6306 WEST JEFFERSON BLVD, FT WAYNE, IN 46804",41.0589356,-85.2238138
THE FRESH MARKET GAINESVILLE 43236,4120 NW 16TH BLVD,GAINESVILLE,FL,32605,"4120 NW 16TH BLVD, GAINESVILLE, FL 32605",29.6731674,-82.3867162
THE FRESH MARKET GAMBRILLS 22564,1153 STATE ROUTE 3 N,GAMBRILLS,MD,21054,"1153 STATE ROUTE 3 N, GAMBRILLS, MD 21054",,
THE FRESH MARKET GENEVA 43231,718 COMMONS DRIVE,GENEVA,IL,60134,"718 COMMONS DRIVE, GENEVA, IL 60134",41.8934415,-88.3436069
THE FRESH MARKET GERMANTOWN 54550,9375 POPLAR AVENUE,GERMANTOWN,TN,38138,"9375 POPLAR AVENUE, GERMANTOWN, TN 38138",35.060205,-89.744641
THE FRESH MARKET GLEN MILLS 92303,925 BALTIMORE PIKE,GLEN MILLS,PA,19342,"925 BALTIMORE PIKE, GLEN MILLS, PA 19342",39.8858696,-75.5323263
THE FRESH MARKET GREENSBORO 14442,3712 LAWNDALE DRIVE,GREENSBORO,NC,27455,"3712 LAWNDALE DRIVE, GREENSBORO, NC 27455",36.1194601,-79.8292837
THE FRESH MARKET GREENSBORO 90520,1560 HIGHWOODS BLVD,GREENSBORO,NC,27410,"1560 HIGHWOODS BLVD, GREENSBORO, NC 27410",36.1114737,-79.8795664
THE FRESH MARKET GREENVILLE 38782,950 CRISWELL DRIVE,GREENVILLE,NC,27834,"950 CRISWELL DRIVE, GREENVILLE, NC 27834",35.5664896,-77.4062497
THE FRESH MARKET GREENVILLE 39527,27 S PLEASANTBURG DR,GREENVILLE,SC,29607,"27 S PLEASANTBURG DR, GREENVILLE, SC 29607",34.8408489,-82.3626049
THE FRESH MARKET GREENVILLE 54768,1601 WOODRUFF ROAD,GREENVILLE,SC,29607,"1601 WOODRUFF ROAD, GREENVILLE, SC 29607",34.8209544,-82.2773797
THE FRESH MARKET GUILFORD 54772,1919 BOSTON POST ROAD,GUILFORD,CT,06437,"1919 BOSTON POST ROAD, GUILFORD, CT 06437",41.3010297,-72.7079746
THE FRESH MARKET HENDERSONVILLE 41001,223 GREENVILLE HIGHWAY,HENDERSONVILLE,NC,28792,"223 GREENVILLE HIGHWAY, HENDERSONVILLE, NC 28792",35.3076337,-82.4602627
THE FRESH MARKET HILTON HEAD ISL 93495,890 WILLIAM HILTON PKWAY,HILTON HEAD ISL,SC,29928,"890 WILLIAM HILTON PKWAY, HILTON HEAD ISL, SC 29928",,
THE FRESH MARKET HINGHAM 94961,11 ESSINGTON DRIVE,HINGHAM,MA,02043,"11 ESSINGTON DRIVE, HINGHAM, MA 02043",42.2499793,-70.9206275
THE FRESH MARKET HOMEWOOD 43069,549 BROOKWOOD VILLAGE,HOMEWOOD,AL,35209,"549 BROOKWOOD VILLAGE, HOMEWOOD, AL 35209",33.4674177,-86.7756453
THE FRESH MARKET HORSHAM 93645,100 WELSH ROAD,HORSHAM,PA,19044,"100 WELSH ROAD, HORSHAM, PA 19044",40.1584643,-75.1425875
THE FRESH MARKET HUNTSVILLE 39536,4800 WHITESBURG DR SW,HUNTSVILLE,AL,35802,"4800 WHITESBURG DR SW, HUNTSVILLE, AL 35802",,
THE FRESH MARKET INDIANAPOLIS 38778,5415 N COLLEGE AVENUE,INDIANAPOLIS,IN,46220,"5415 N COLLEGE AVENUE, INDIANAPOLIS, IN 46220",39.8521489,-86.145736
THE FRESH MARKET JACKSONVILLE 54710,150 RIVERSIDE AVENUE,JACKSONVILLE,FL,32202,"150 RIVERSIDE AVENUE, JACKSONVILLE, FL 32202",30.3238023,-81.6720214
THE FRESH MARKET JACKSONVILLE 93642,12795 SAN JOSE BLVD,JACKSONVILLE,FL,32223,"12795 SAN JOSE BLVD, JACKSONVILLE, FL 32223",30.1347119,-81.632104
THE FRESH MARKET JACKSONVILLE 9785,13493 ATLANTIC BLVD,JACKSONVILLE,FL,32225,"13493 ATLANTIC BLVD, JACKSONVILLE, FL 32225",30.323562,-81.50425
THE FRESH MARKET JOHNSON CITY 12807,421 N STATE OF FRANKLIN R,JOHNSON CITY,TN,37601,"421 N STATE OF FRANKLIN R, JOHNSON CITY, TN 37601",,
THE FRESH MARKET JUPITER 54691,311 EAST INDIANTOWN ROAD,JUPITER,FL,33477,"311 EAST INDIANTOWN ROAD, JUPITER, FL 33477",26.9340853,-80.0882775
THE FRESH MARKET KISSIMMEE 54826,612 CENTERVIEW BLVD.,KISSIMMEE,FL,34741,"612 CENTERVIEW BLVD., KISSIMMEE, FL 34741",,
THE FRESH MARKET KNOXVILLE 54519,4475 KINGSTON PIKE,KNOXVILLE,TN,37919,"4475 KINGSTON PIKE, KNOXVILLE, TN 37919",35.9418733,-83.978471
THE FRESH MARKET LAFAYETTE 43246,1810 KALISTE SALOOM RD,LAFAYETTE,LA,70508,"1810 KALISTE SALOOM RD, LAFAYETTE, LA 70508",30.1698357,-92.0347243
THE FRESH MARKET LAKE FOREST 94962,850 WESTERN AVENUE,LAKE FOREST,IL,60045,"850 WESTERN AVENUE, LAKE FOREST, IL 60045",42.2550827,-87.84145
THE FRESH MARKET LAKE MARY 54690,3775 LAKE EMMA ROAD,LAKE MARY,FL,32746,"3775 LAKE EMMA ROAD, LAKE MARY, FL 32746",28.7557285,-81.3575763
THE FRESH MARKET LAKEWOOD RANCH 18254,11525 SR 70 E,LAKEWOOD RANCH,FL,34202,"11525 SR 70 E, LAKEWOOD RANCH, FL 34202",,
THE FRESH MARKET LATHAM 94963,664 NEW LOUDON ROAD,LATHAM,NY,12110,"664 NEW LOUDON ROAD, LATHAM, NY 12110",42.7361313,-73.7643115
THE FRESH MARKET LEXINGTON 27959,2321 SIR BARTON WAY,LEXINGTON,KY,40509,"2321 SIR BARTON WAY, LEXINGTON, KY 40509",38.0222352,-84.424709
THE FRESH MARKET LEXINGTON 43232,3387 TATES CREEK ROAD,LEXINGTON,KY,40502,"3387 TATES CREEK ROAD, LEXINGTON, KY 40502",37.995781,-84.4953264
THE FRESH MARKET LITTLE ROCK 39535,11525 CANTRELL RD,LITTLE ROCK,AR,72212,"11525 CANTRELL RD, LITTLE ROCK, AR 72212",34.7935981,-92.40269
THE FRESH MARKET LOUISVILLE 22563,4100 SUMMIT PLAZA,LOUISVILLE,KY,40241,"4100 SUMMIT PLAZA, LOUISVILLE, KY 40241",38.3059576,-85.577595
THE FRESH MARKET LOUISVILLE 94959,1805 RUDY LANE,LOUISVILLE,KY,40207,"1805 RUDY LANE, LOUISVILLE, KY 40207",38.2794689,-85.6378094
THE FRESH MARKET LYNCHBURG 43049,3901 OLD FOREST ROAD,LYNCHBURG,VA,24501,"3901 OLD FOREST ROAD, LYNCHBURG, VA 24501",37.3980098,-79.221637
THE FRESH MARKET MACON 39538,4357 FORSYTH RD,MACON,GA,31210,"4357 FORSYTH RD, MACON, GA 31210",32.8683976,-83.6983288
THE FRESH MARKET MANDEVILLE 43243,1816 N CAUSEWAY BLVD,MANDEVILLE,LA,70471,"1816 N CAUSEWAY BLVD, MANDEVILLE, LA 70471",30.3965732,-90.0879345
THE FRESH MARKET MANSFIELD 22861,280 SCHOOL ST,MANSFIELD,MA,02048,"280 SCHOOL ST, MANSFIELD, MA 02048",42.0123495,-71.2263763
THE FRESH MARKET MELBOURNE 54770,6385 NORTH WICKHAM ROAD,MELBOURNE,FL,32940,"6385 NORTH WICKHAM ROAD, MELBOURNE, FL 32940",28.2172128,-80.6726908
THE FRESH MARKET MEMPHIS 54565,835 S. WHITE STATION ROAD,MEMPHIS,TN,38117,"835 S. WHITE STATION ROAD, MEMPHIS, TN 38117",35.1078857,-89.8894221
THE FRESH MARKET MEMPHIS 54700,2145 UNION AVENUE,MEMPHIS,TN,38104,"2145 UNION AVENUE, MEMPHIS, TN 38104",35.1340544,-89.9901236
THE FRESH MARKET METAIRIE 10747,755 VETERANS MEMORIAL BLV,METAIRIE,LA,70005,"755 VETERANS MEMORIAL BLV, METAIRIE, LA 70005",,
THE FRESH MARKET MIAMI 19270,8760 SW 136TH STREET,MIAMI,FL,33176,"8760 SW 136TH STREET, MIAMI, FL 33176",25.6431033,-80.3354163
THE FRESH MARKET MIAMI 93496,2640 SOUTH BAYSHORE DRIVE,MIAMI,FL,33133,"2640 SOUTH BAYSHORE DRIVE, MIAMI, FL 33133",25.7300658,-80.2332828
THE FRESH MARKET MIAMI BEACH 94965,1800 WEST AVENUE,MIAMI BEACH,FL,33139,"1800 WEST AVENUE, MIAMI BEACH, FL 33139",25.793743,-80.142768
THE FRESH MARKET MIDLOTHIAN 39540,1200 HUGUENOT RD,MIDLOTHIAN,VA,23113,"1200 HUGUENOT RD, MIDLOTHIAN, VA 23113",37.5089665,-77.614835
THE FRESH MARKET MIDLOTHIAN 54775,4600 COMMONWEALTH CENTRE,MIDLOTHIAN,VA,23112,"4600 COMMONWEALTH CENTRE, MIDLOTHIAN, VA 23112",,
THE FRESH MARKET MOBILE 54569,3940 AIRPORT BOULEVARD,MOBILE,AL,36608,"3940 AIRPORT BOULEVARD, MOBILE, AL 36608",30.6758932,-88.1488911
THE FRESH MARKET MONTGOMERY 54590,1635 PERRY HILL ROAD,MONTGOMERY,AL,36106,"1635 PERRY HILL ROAD, MONTGOMERY, AL 36106",32.3574004,-86.2439649
THE FRESH MARKET MOUNT PLEASANT 22872,1118 BOWMAN RD,MOUNT PLEASANT,SC,29464,"1118 BOWMAN RD, MOUNT PLEASANT, SC 29464",32.8118742,-79.8526044
THE FRESH MARKET MT LEBANON 41888,1551 WASHINGTON ROAD,MT LEBANON,PA,15228,"1551 WASHINGTON ROAD, MT LEBANON, PA 15228",40.3558946,-80.0504481
THE FRESH MARKET MYRTLE BEACH 43074,7747 NORTH KINGS HIGHWAY,MYRTLE BEACH,SC,29572,"7747 NORTH KINGS HIGHWAY, MYRTLE BEACH, SC 29572",33.749421,-78.8177526
THE FRESH MARKET NAGS HEAD 47571,5000 S CROATAN HIGHWAY,NAGS HEAD,NC,27959,"5000 S CROATAN HIGHWAY, NAGS HEAD, NC 27959",35.9381712,-75.6160822
THE FRESH MARKET NAPLES 43066,12628 TAMIAMI TRAIL EAST,NAPLES,FL,34113,"12628 TAMIAMI TRAIL EAST, NAPLES, FL 34113",26.06479,-81.7026
THE FRESH MARKET NAPLES 93873,4129 TAMIAMI TRAIL NORTH,NAPLES,FL,34103,"4129 TAMIAMI TRAIL NORTH, NAPLES, FL 34103",26.1980871,-81.8022662
THE FRESH MARKET NEW ORLEANS 97033,3338 ST CHARLES AVENUE,NEW ORLEANS,LA,70115,"3338 ST CHARLES AVENUE, NEW ORLEANS, LA 70115",29.9280786,-90.0908984
THE FRESH MARKET NEWPORT NEWS 92304,12131 JEFFERSON AVENUE,NEWPORT NEWS,VA,23602,"12131 JEFFERSON AVENUE, NEWPORT NEWS, VA 23602",37.107273,-76.4973137
THE FRESH MARKET NORFOLK 54714,924 WEST 21ST. STREET,NORFOLK,VA,23517,"924 WEST 21ST. STREET, NORFOLK, VA 23517",36.8719759,-76.2988398
THE FRESH MARKET NORTHBROOKE 22873,163 SKOKIE BLVD,NORTHBROOKE,IL,60062,"163 SKOKIE BLVD, NORTHBROOKE, IL 60062",,
THE FRESH MARKET ORLANDO 42310,1500 NORTH MILLS AVE,ORLANDO,FL,32803,"1500 NORTH MILLS AVE, ORLANDO, FL 32803",28.564927,-81.364542
THE FRESH MARKET ORLANDO 54548,5000 DR PHILLIPS BLVD,ORLANDO,FL,32819,"5000 DR PHILLIPS BLVD, ORLANDO, FL 32819",,
THE FRESH MARKET PALM BEACH GARDEN 5779,4925 PGA BLVD,PALM BEACH GARDEN,FL,33418,"4925 PGA BLVD, PALM BEACH GARDEN, FL 33418",,
THE FRESH MARKET PANAMA CITY BEACH 54773,15500 PANAMA CTY BCH PKWY,PANAMA CITY BEACH,FL,32413,"15500 PANAMA CTY BCH PKWY, PANAMA CITY BEACH, FL 32413",30.2219752,-85.8646529
THE FRESH MARKET PAWLEYS ISLAND 4627,11421-A OCEAN HIGHWAY,PAWLEYS ISLAND,SC,29585,"11421-A OCEAN HIGHWAY, PAWLEYS ISLAND, SC 29585",33.4505308,-79.1202002
THE FRESH MARKET PEACHTREE CITY 4616,100 N PEACHTREE PARKWAY,PEACHTREE CITY,GA,30269,"100 N PEACHTREE PARKWAY, PEACHTREE CITY, GA 30269",33.4092287,-84.5694857
THE FRESH MARKET PEMBROKE PINES 39533,2200 N FLAMINGO RD,PEMBROKE PINES,FL,33028,"2200 N FLAMINGO RD, PEMBROKE PINES, FL 33028",26.019141,-80.3123304
THE FRESH MARKET PENSACOLA 37523,1650 AIRPORT BOULEVARD,PENSACOLA,FL,32504,"1650 AIRPORT BOULEVARD, PENSACOLA, FL 32504",30.4819295,-87.2081634
THE FRESH MARKET PHILADELPHIA 54651,8208-18 GERMANTOWN AVENUE,PHILADELPHIA,PA,19118,"8208-18 GERMANTOWN AVENUE, PHILADELPHIA, PA 19118",,
THE FRESH MARKET PITTSBURGH 66856,5880 CENTER AVENUE,PITTSBURGH,PA,15206,"5880 CENTER AVENUE, PITTSBURGH, PA 15206",40.3956949,-79.8388865
THE FRESH MARKET PLANTATION 54695,12171 WEST SUNRISE BLVD.,PLANTATION,FL,33323,"12171 WEST SUNRISE BLVD., PLANTATION, FL 33323",26.1466104,-80.3105907
THE FRESH MARKET PONTE VERDA BEACH 9784,840 A1A NORTH,PONTE VERDA BEACH,FL,32082,"840 A1A NORTH, PONTE VERDA BEACH, FL 32082",,
THE FRESH MARKET PORT ST LUCIE 13661,10844 SW VILLAGE PARKWAY,PORT ST LUCIE,FL,34987,"10844 SW VILLAGE PARKWAY, PORT ST LUCIE, FL 34987",,
THE FRESH MARKET RALEIGH 39529,6325 FALLS OF NEUSE RD,RALEIGH,NC,27615,"6325 FALLS OF NEUSE RD, RALEIGH, NC 27615",35.8693635,-78.6230527
THE FRESH MARKET RALEIGH 54521,400 WOODBURN ROAD,RALEIGH,NC,27605,"400 WOODBURN ROAD, RALEIGH, NC 27605",35.7896031,-78.6586014
THE FRESH MARKET REHOBOTH BEACH 54840,30098 VETERANS WAY,REHOBOTH BEACH,DE,19971,"30098 VETERANS WAY, REHOBOTH BEACH, DE 19971",38.7126273,-75.1064825
THE FRESH MARKET RICHMOND 19273,10 N NANSEMOND ST,RICHMOND,VA,23221,"10 N NANSEMOND ST, RICHMOND, VA 23221",37.5571024,-77.4859647
THE FRESH MARKET RICHMOND 43237,1527 NORTH PARHAM ROAD,RICHMOND,VA,23229,"1527 NORTH PARHAM ROAD, RICHMOND, VA 23229",37.6040731,-77.5631608
THE FRESH MARKET RIDGELAND 39537,1000 HIGHLAND COLONY PKWY,RIDGELAND,MS,39157,"1000 HIGHLAND COLONY PKWY, RIDGELAND, MS 39157",32.4337738,-90.146621
THE FRESH MARKET ROANOKE 54609,2207 COLONIAL AVENUE SW,ROANOKE,VA,24015,"2207 COLONIAL AVENUE SW, ROANOKE, VA 24015",37.2534356,-79.95807
THE FRESH MARKET ROCKVILLE 4628,1649 ROCKVILLE PIKE,ROCKVILLE,MD,20852,"1649 ROCKVILLE PIKE, ROCKVILLE, MD 20852",39.0618795,-77.1271436
THE FRESH MARKET ROGERS 20152,2203 S PROMENADE BLVD,ROGERS,AR,72758,"2203 S PROMENADE BLVD, ROGERS, AR 72758",36.308693,-94.17501
THE FRESH MARKET ROSWELL 54790,1125 WOODSTOCK ROAD,ROSWELL,GA,30075,"1125 WOODSTOCK ROAD, ROSWELL, GA 30075",34.0627297,-84.3955372
THE FRESH MARKET SARATOGA SPRINGS 54681,52 MARION AVENUE,SARATOGA SPRINGS,NY,12866,"52 MARION AVENUE, SARATOGA SPRINGS, NY 12866",43.091341,-73.7721529
THE FRESH MARKET SAVANNAH 93494,5525 ABERCORN STREET,SAVANNAH,GA,31405,"5525 ABERCORN STREET, SAVANNAH, GA 31405",32.0261944,-81.1091119
THE FRESH MARKET SCARSDALE 38784,723 WHITE PLAINS ROAD,SCARSDALE,NY,10583,"723 WHITE PLAINS ROAD, SCARSDALE, NY 10583",40.9715042,-73.8061045
THE FRESH MARKET SEMINOLE 21803,7774 113TH ST N,SEMINOLE,FL,33772,"7774 113TH ST N, SEMINOLE, FL 33772",27.8383263,-82.7952478
THE FRESH MARKET SOUTH MIAMI 28635,5850 SW 73RD ST,SOUTH MIAMI,FL,33143,"5850 SW 73RD ST, SOUTH MIAMI, FL 33143",25.702758,-80.2888212
THE FRESH MARKET SOUTHERN PINES 39651,155 BEVERLY LANE,SOUTHERN PINES,NC,28387,"155 BEVERLY LANE, SOUTHERN PINES, NC 28387",,
THE FRESH MARKET SPARTANBURG 38671,1200 EAST MAIN STREET,SPARTANBURG,SC,29307,"1200 EAST MAIN STREET, SPARTANBURG, SC 29307",34.9636705,-81.9011715
THE FRESH MARKET ST PETERSBURG 94964,2900 FOURTH STREET NORTH,ST PETERSBURG,FL,33704,"2900 FOURTH STREET NORTH, ST PETERSBURG, FL 33704",,
THE FRESH MARKET STUART 22562,2450 NW FEDERAL HWY,STUART,FL,34994,"2450 NW FEDERAL HWY, STUART, FL 34994",27.2142142,-80.2603909
THE FRESH MARKET STUART 38785,2300 SE OCEAN BLVD,STUART,FL,34996,"2300 SE OCEAN BLVD, STUART, FL 34996",27.195799,-80.2224198
THE FRESH MARKET SUWANEE 43239,1500 PEACHTREE INDRL BLVD,SUWANEE,GA,30024,"1500 PEACHTREE INDRL BLVD, SUWANEE, GA 30024",,
THE FRESH MARKET TALLAHASSEE 54591,1390 VILLAGE SQUARE BLVD,TALLAHASSEE,FL,32312,"1390 VILLAGE SQUARE BLVD, TALLAHASSEE, FL 32312",30.5115724,-84.2504853
THE FRESH MARKET TAMPA 43233,3722 HENDERSON BLVD,TAMPA,FL,33609,"3722 HENDERSON BLVD, TAMPA, FL 33609",27.9344275,-82.5044136
THE FRESH MARKET TAMPA 54544,13147 NORTH DALE MABRY HW,TAMPA,FL,33618,"13147 NORTH DALE MABRY HW, TAMPA, FL 33618",,
THE FRESH MARKET THE VILLAGES 38781,3740 WEDGEWOOD LANE,THE VILLAGES,FL,32162,"3740 WEDGEWOOD LANE, THE VILLAGES, FL 32162",28.9278598,-82.0214136
THE FRESH MARKET TOLEDO 39539,3315 WEST CENTRAL AVE,TOLEDO,OH,43606,"3315 WEST CENTRAL AVE, TOLEDO, OH 43606",41.6755123,-83.6231598
THE FRESH MARKET TOWSON 4621,838 DULANEY VALLEY RD,TOWSON,MD,21204,"838 DULANEY VALLEY RD, TOWSON, MD 21204",39.405467,-76.602288
THE FRESH MARKET TULSA 19275,8015 S YALES,TULSA,OK,74136,"8015 S YALES, TULSA, OK 74136",,
THE FRESH MARKET TUSCALOOSA 54748,1320 MCFARLAND BLVD EAST,TUSCALOOSA,AL,35404,"1320 MCFARLAND BLVD EAST, TUSCALOOSA, AL 35404",33.2003489,-87.5251853
THE FRESH MARKET UNIVERSITY PARK 39541,5251 UNIVERSITY PKWY,UNIVERSITY PARK,FL,34201,"5251 UNIVERSITY PKWY, UNIVERSITY PARK, FL 34201",27.3896629,-82.4643307
THE FRESH MARKET VERO BEACH 93644,526 21ST STREET,VERO BEACH,FL,32960,"526 21ST STREET, VERO BEACH, FL 32960",27.6414046,-80.3842166
THE FRESH MARKET VIRGINIA BEACH 54851,4588 VIRGINIA BEACH BLVD,VIRGINIA BEACH,VA,23462,"4588 VIRGINIA BEACH BLVD, VIRGINIA BEACH, VA 23462",36.8456655,-76.1358152
THE FRESH MARKET VIRGINIA BEACH 98017,744 HILLTOP N SHOPPING CT,VIRGINIA BEACH,VA,23451,"744 HILLTOP N SHOPPING CT, VIRGINIA BEACH, VA 23451",,
THE FRESH MARKET WEST CHESTER 20153,7720 VOICE OF AMERICA CTR,WEST CHESTER,OH,45069,"7720 VOICE OF AMERICA CTR, WEST CHESTER, OH 45069",39.3557778,-84.3620804
THE FRESH MARKET WESTPORT 93641,605 POST ROAD EAST,WESTPORT,CT,06880,"605 POST ROAD EAST, WESTPORT, CT 06880",41.1391896,-73.3440955
THE FRESH MARKET WETHERSFIELD 22874,1065 SILAS DEANE HIGHWAY,WETHERSFIELD,CT,06109,"1065 SILAS DEANE HIGHWAY, WETHERSFIELD, CT 06109",41.6931771,-72.6576659
THE FRESH MARKET WILLIAMSBURG 12803,5231 MONTICELLO AVENUE,WILLIAMSBURG,VA,23188,"5231 MONTICELLO AVENUE, WILLIAMSBURG, VA 23188",37.2750775,-76.747243
THE FRESH MARKET WILMETTE 54631,3232 LAKE AVENUE,WILMETTE,IL,60091,"3232 LAKE AVENUE, WILMETTE, IL 60091",42.0830858,-87.7569938
THE FRESH MARKET WILMINGTON 93497,1060 INTERNATIONAL DRIVE,WILMINGTON,NC,28405,"1060 INTERNATIONAL DRIVE, WILMINGTON, NC 28405",34.2397856,-77.8300321
THE FRESH MARKET WINSTON SALEM 54520,3285 ROBINHOOD ROAD,WINSTON SALEM,NC,27106,"3285 ROBINHOOD ROAD, WINSTON SALEM, NC 27106",36.115766,-80.3111744
THE FRESH MARKET WINTER SPRINGS 46243,5920 RED BUG LAKE ROAD,WINTER SPRINGS,FL,32708,"5920 RED BUG LAKE ROAD, WINTER SPRINGS, FL 32708",28.6484034,-81.2665798
URM CUSTOMERS SPOKANE 84143,7511 N FREYA,SPOKANE,WA,99217,"7511 N FREYA, SPOKANE, WA 99217",47.6864283,-117.3575661
URM CUSTOMERS WALLA WALLA 008790,710 S 9TH,WALLA WALLA,WA,99362,"710 S 9TH, WALLA WALLA, WA 99362",46.0561032,-118.3461542
WAN BAI CHAIN ASTORIA 18991,28-16 21ST STREET,ASTORIA,NY,11102,"28-16 21ST STREET, ASTORIA, NY 11102",40.7707061,-73.9274053
WAN BAI CHAIN BROOKLYN 78099,785 GRAND ST,BROOKLYN,NY,11211,"785 GRAND ST, BROOKLYN, NY 11211",40.7120317,-73.941748
WAN BAI CHAIN BROOKLYN 99595,330 GRAHAM AVE,BROOKLYN,NY,11211,"330 GRAHAM AVE, BROOKLYN, NY 11211",40.7143904,-73.9441049
WAN BAI CHAIN LONG ISLAND CITY 93443,28-19 QUEENS PLAZA SOUTH,LONG ISLAND CITY,NY,11101,"28-19 QUEENS PLAZA SOUTH, LONG ISLAND CITY, NY 11101",40.7507131,-73.9410474
WAN BAI CHAIN NEW YORK 24043,70 PINE ST,NEW YORK,NY,10005,"70 PINE ST, NEW YORK, NY 10005",40.7064733,-74.0077415
WHOLE FOODS ALBANY 12205,1425 CENTRAL AVE,ALBANY,NY,12205,"1425 CENTRAL AVE, ALBANY, NY 12205",42.708041,-73.821781
WHOLE FOODS BOWERY 10002,95 EAST HOUSTON ST,NEW YORK,NY,10002,"95 EAST HOUSTON ST, NEW YORK, NY 10002",40.7238482,-73.9923711
WHOLE FOODS BRIDGEWATER 08805,319 CHIMNEY ROCK RD,BOUND BROOK,NJ,08805,"319 CHIMNEY ROCK RD, BOUND BROOK, NJ 08805",40.5763288,-74.5625436
WHOLE FOODS BUFFALO 14226,3139 SHERIDAN DR,AMHERST,NY,14226,"3139 SHERIDAN DR, AMHERST, NY 14226",42.9805833,-78.817068
WHOLE FOODS CHAPPAQUA 10514,20 THE CROSSING,CHAPPAQUA,NY,10514,"20 THE CROSSING, CHAPPAQUA, NY 10514",,
WHOLE FOODS CLARK 07066,UNIT 150 1255 RARITAN RD,CLARK,NJ,07066,"UNIT 150 1255 RARITAN RD, CLARK, NJ 07066",,
WHOLE FOODS CLOSTER 07624,45 VERVALEN ST,CLOSTER,NJ,07624,"45 VERVALEN ST, CLOSTER, NJ 07624",40.9706602,-73.9562831
WHOLE FOODS COLUMBUS CIRCLE 10019,STE SC101 10 COLUMBUS CIR,NEW YORK,NY,10019,"STE SC101 10 COLUMBUS CIR, NEW YORK, NY 10019",,
WHOLE FOODS COMMACK 11725,120 VETERANS MEMORIAL HWY 34,COMMACK,NY,11725,"120 VETERANS MEMORIAL HWY 34, COMMACK, NY 11725",,
WHOLE FOODS EDGEWATER 07020,905 RIVER RD,EDGEWATER,NJ,07020,"905 RIVER RD, EDGEWATER, NJ 07020",40.8247374,-73.974051
WHOLE FOODS FORT GREENE 11217,292 ASHLAND PL,BROOKLYN,NY,11217,"292 ASHLAND PL, BROOKLYN, NY 11217",40.6860974,-73.9785902
WHOLE FOODS HARLEM 10027,100 W 125TH ST,NEW YORK,NY,10027,"100 W 125TH ST, NEW YORK, NY 10027",40.8076095,-73.9462766
WHOLE FOODS HUNTINGTON STATION 11746,350 WALT WHITMAN ROAD,HUNTINGTON STATION,NY,11746,"350 WALT WHITMAN ROAD, HUNTINGTON STATION, NY 11746",40.8168288,-73.4090313
WHOLE FOODS INDUSTRY CITY 11232,167 41ST ST,BROOKLYN,NY,11232,"167 41ST ST, BROOKLYN, NY 11232",40.6544264,-74.0119737
WHOLE FOODS JERSEY CITY 07311,135 GREENE ST,JERSEY CITY,NJ,07311,"135 GREENE ST, JERSEY CITY, NJ 07311",40.7179153,-74.0369334
WHOLE FOODS LAKE GROVE 11755,120 NEW MORICHES RD,LAKE GROVE,NY,11755,"120 NEW MORICHES RD, LAKE GROVE, NY 11755",40.8705836,-73.1272839
WHOLE FOODS MANHASSET 11030,2101 NORTHERN BLVD,MANHASSET,NY,11030,"2101 NORTHERN BLVD, MANHASSET, NY 11030",40.7973069,-73.6707883
WHOLE FOODS MARLBORO 07726,113 ROUTE 9 SOUTH,MARLBORO,NJ,07726,"113 ROUTE 9 SOUTH, MARLBORO, NJ 07726",,
WHOLE FOODS MASSAPEQUA 11762,5214 SUNRISE HWY,MASSAPEQUA PARK,NY,11762,"5214 SUNRISE HWY, MASSAPEQUA PARK, NY 11762",40.6760399,-73.4435032
WHOLE FOODS METUCHEN 08840,645 MIDDLESEX AVE,METUCHEN,NJ,08840,"645 MIDDLESEX AVE, METUCHEN, NJ 08840",40.5398413,-74.3659435
WHOLE FOODS MIDDLETOWN 07701,471 ST RT 35 N,RED BANK,NJ,07701,"471 ST RT 35 N, RED BANK, NJ 07701",40.3470543,-74.0643065
WHOLE FOODS MONTCLAIR 07042,701 BLOOMFIELD AVE,MONTCLAIR,NJ,07042,"701 BLOOMFIELD AVE, MONTCLAIR, NJ 07042",40.8185814,-74.2228638
WHOLE FOODS NOMAD 10016,63 MADISON AVE,NEW YORK,NY,10016,"63 MADISON AVE, NEW YORK, NY 10016",40.7436257,-73.9857495
WHOLE FOODS ONE WALL STREET 10005,66 BROADWAY,NEW YORK,NY,10005,"66 BROADWAY, NEW YORK, NY 10005",40.7070866,-74.0119141
WHOLE FOODS PARAMUS 07652,300 BERGEN TOWN CENTER,PARAMUS,NJ,07652,"300 BERGEN TOWN CENTER, PARAMUS, NJ 07652",40.9144762,-74.0581262
WHOLE FOODS PARSIPPANY 07054,60 WATERVIEW BLVD,PARSIPPANY,NJ,07054,"60 WATERVIEW BLVD, PARSIPPANY, NJ 07054",40.8753933,-74.4320031
WHOLE FOODS PORT CHESTER 10573,575 BOSTON POST ROAD,PORT CHESTER,NY,10573,"575 BOSTON POST ROAD, PORT CHESTER, NY 10573",40.9924338,-73.6755052
WHOLE FOODS RIDGEWOOD 07450,44 GODWIN AVE,RIDGEWOOD,NJ,07450,"44 GODWIN AVE, RIDGEWOOD, NJ 07450",40.9784039,-74.1225144
WHOLE FOODS ROCHESTER 14618,2740 MONROE AVE,ROCHESTER,NY,14618,"2740 MONROE AVE, ROCHESTER, NY 14618",43.1142623,-77.5502717
WHOLE FOODS ROSE CITY 07940,222 MAIN ST,MADISON,NJ,07940,"222 MAIN ST, MADISON, NJ 07940",40.7534364,-74.4055033
WHOLE FOODS SPRING LAKE WALL 07719,1933 NJ-35,WALL,NJ,07719,"1933 NJ-35, WALL, NJ 07719",40.1615781,-74.0531626
WHOLE FOODS THIRD AND 3RD (BROOKLYN) 11215,214 3RD ST,BROOKLYN,NY,11215,"214 3RD ST, BROOKLYN, NY 11215",40.6748746,-73.9887826
WHOLE FOODS TRIBECA 10007,270 GREENWICH ST,NEW YORK,NY,10007,"270 GREENWICH ST, NEW YORK, NY 10007",40.7156112,-74.0117376
WHOLE FOODS UNION SQUARE 10003,4 UNION SQUARE S,NEW YORK,NY,10003,"4 UNION SQUARE S, NEW YORK, NY 10003",42.6582658,-73.7694805
WHOLE FOODS UPPER EAST SIDE 10128,1551 3RD AVE,NEW YORK,NY,10128,"1551 3RD AVE, NEW YORK, NY 10128",40.7796967,-73.9529487
WHOLE FOODS UPPER WEST SIDE 10025,808 COLUMBUS AVE,NEW YORK,NY,10025,"808 COLUMBUS AVE, NEW YORK, NY 10025",40.7946572,-73.9666786
WHOLE FOODS WAYNE 07470,560 VALLEY RD,WAYNE,NJ,07470,"560 VALLEY RD, WAYNE, NJ 07470",40.9305884,-74.2268245
WHOLE FOODS WEEHAWKEN 07086,1400 WATERFRONT TERRACE,WEEHAWKEN,NJ,07086,"1400 WATERFRONT TERRACE, WEEHAWKEN, NJ 07086",40.7614198,-74.0224261
WHOLE FOODS WEST ORANGE 07052,235 PROSPECT AVE,WEST ORANGE,NJ,07052,"235 PROSPECT AVE, WEST ORANGE, NJ 07052",40.806369,-74.2487087
WHOLE FOODS WESTBURY 11530,867 EAST GATE BLVD,GARDEN CITY,NY,11530,"867 EAST GATE BLVD, GARDEN CITY, NY 11530",40.7426536,-73.607834
WHOLE FOODS WHITE PLAINS 10605,110 BLOOMINGDALE RD,WHITE PLAINS,NY,10605,"110 BLOOMINGDALE RD, WHITE PLAINS, NY 10605",41.0276842,-73.7582614
WHOLE FOODS WILLIAMSBURG 11249,238 BEDFORD AVE,BROOKLYN,NY,11249,"238 BEDFORD AVE, BROOKLYN, NY 11249",40.7161062,-73.9597389
WHOLE FOODS WOODCLIFF LAKE 07677,500 CHESTNUT RIDGE ROAD,WOODCLIFF LAKE,NJ,07677,"500 CHESTNUT RIDGE ROAD, WOODCLIFF LAKE, NJ 07677",41.042878,-74.0711475
